gene_name,n_or_p,experiment_id,nutrient,organism_name,match_type,locus_tag,status,log2fc,padj,timepoint
nadB2,N,10.1101/2025.11.24.690089_growth_state_pro99lown_nutrient_starvation_med4_proteomics_axenic,nitrogen,Prochlorococcus MED4,matched,,no_locus_in_strain,,,day 14
natF,N,10.1101/2025.11.24.690089_growth_state_pro99lown_nutrient_starvation_med4_proteomics_axenic,nitrogen,Prochlorococcus MED4,matched,,no_locus_in_strain,,,day 14
natG,N,10.1101/2025.11.24.690089_growth_state_pro99lown_nutrient_starvation_med4_proteomics_axenic,nitrogen,Prochlorococcus MED4,matched,,no_locus_in_strain,,,day 14
natH,N,10.1101/2025.11.24.690089_growth_state_pro99lown_nutrient_starvation_med4_proteomics_axenic,nitrogen,Prochlorococcus MED4,matched,,no_locus_in_strain,,,day 14
focA,N,10.1101/2025.11.24.690089_growth_state_pro99lown_nutrient_starvation_med4_proteomics_axenic,nitrogen,Prochlorococcus MED4,matched,,no_locus_in_strain,,,day 14
nirA,N,10.1101/2025.11.24.690089_growth_state_pro99lown_nutrient_starvation_med4_proteomics_axenic,nitrogen,Prochlorococcus MED4,matched,,no_locus_in_strain,,,day 14
nirX,N,10.1101/2025.11.24.690089_growth_state_pro99lown_nutrient_starvation_med4_proteomics_axenic,nitrogen,Prochlorococcus MED4,matched,,no_locus_in_strain,,,day 14
gdhA,N,10.1101/2025.11.24.690089_growth_state_pro99lown_nutrient_starvation_med4_proteomics_axenic,nitrogen,Prochlorococcus MED4,matched,,no_locus_in_strain,,,day 14
amtB/amt1,N,10.1101/2025.11.24.690089_growth_state_pro99lown_nutrient_starvation_med4_proteomics_axenic,nitrogen,Prochlorococcus MED4,matched,PMM0263,not_significant,0.270531654357914,0.395195546159753,day 14
cynA,N,10.1101/2025.11.24.690089_growth_state_pro99lown_nutrient_starvation_med4_proteomics_axenic,nitrogen,Prochlorococcus MED4,matched,PMM0370,significant_up,2.09205468495687,3.06387677674992e-06,day 14
cynB,N,10.1101/2025.11.24.690089_growth_state_pro99lown_nutrient_starvation_med4_proteomics_axenic,nitrogen,Prochlorococcus MED4,matched,PMM0371,not_significant,1.27374362945557,0.16176371197448,day 14
cynD,N,10.1101/2025.11.24.690089_growth_state_pro99lown_nutrient_starvation_med4_proteomics_axenic,nitrogen,Prochlorococcus MED4,matched,PMM0372,significant_up,1.57325267791748,0.0006064934109148,day 14
cynS,N,10.1101/2025.11.24.690089_growth_state_pro99lown_nutrient_starvation_med4_proteomics_axenic,nitrogen,Prochlorococcus MED4,matched,PMM0373,significant_up,1.30489826202393,0.0347277383696124,day 14
nadB,N,10.1101/2025.11.24.690089_growth_state_pro99lown_nutrient_starvation_med4_proteomics_axenic,nitrogen,Prochlorococcus MED4,matched,PMM0100,not_significant,-0.608890851338705,0.0141612763486772,day 14
thiO,N,10.1101/2025.11.24.690089_growth_state_pro99lown_nutrient_starvation_med4_proteomics_axenic,nitrogen,Prochlorococcus MED4,matched,PMM0047,not_significant,0.231342633565267,0.494856391360731,day 14
ureA,N,10.1101/2025.11.24.690089_growth_state_pro99lown_nutrient_starvation_med4_proteomics_axenic,nitrogen,Prochlorococcus MED4,matched,PMM0965,significant_up,1.60331058502197,0.0107429971839741,day 14
ureB,N,10.1101/2025.11.24.690089_growth_state_pro99lown_nutrient_starvation_med4_proteomics_axenic,nitrogen,Prochlorococcus MED4,matched,PMM0964,not_significant,0.797797203063965,0.0423704890111036,day 14
ureC,N,10.1101/2025.11.24.690089_growth_state_pro99lown_nutrient_starvation_med4_proteomics_axenic,nitrogen,Prochlorococcus MED4,matched,PMM0963,not_significant,0.63168239593506,0.0274045512638865,day 14
ureD,N,10.1101/2025.11.24.690089_growth_state_pro99lown_nutrient_starvation_med4_proteomics_axenic,nitrogen,Prochlorococcus MED4,matched,PMM0966,not_significant,0.335178057352702,0.379002366032333,day 14
ureE,N,10.1101/2025.11.24.690089_growth_state_pro99lown_nutrient_starvation_med4_proteomics_axenic,nitrogen,Prochlorococcus MED4,matched,PMM0967,not_significant,0.165201505025227,0.793443999717033,day 14
ureF,N,10.1101/2025.11.24.690089_growth_state_pro99lown_nutrient_starvation_med4_proteomics_axenic,nitrogen,Prochlorococcus MED4,matched,PMM0968,no_data_at_timepoint,,,day 14
ureG,N,10.1101/2025.11.24.690089_growth_state_pro99lown_nutrient_starvation_med4_proteomics_axenic,nitrogen,Prochlorococcus MED4,matched,PMM0969,not_significant,0.301262855529785,0.601990374792778,day 14
ntcA,N,10.1101/2025.11.24.690089_growth_state_pro99lown_nutrient_starvation_med4_proteomics_axenic,nitrogen,Prochlorococcus MED4,matched,PMM0246,significant_up,1.86500326792399,0.0002207182174203,day 14
pipX,N,10.1101/2025.11.24.690089_growth_state_pro99lown_nutrient_starvation_med4_proteomics_axenic,nitrogen,Prochlorococcus MED4,matched,PMM0393,significant_up,1.00702953338623,0.0164797999456599,day 14
glnA,N,10.1101/2025.11.24.690089_growth_state_pro99lown_nutrient_starvation_med4_proteomics_axenic,nitrogen,Prochlorococcus MED4,matched,PMM0920,significant_up,2.12048435211182,8.88446794862496e-05,day 14
glsF,N,10.1101/2025.11.24.690089_growth_state_pro99lown_nutrient_starvation_med4_proteomics_axenic,nitrogen,Prochlorococcus MED4,matched,PMM1512,not_significant,0.209834098815917,0.487368119242069,day 14
urtA,N,10.1101/2025.11.24.690089_growth_state_pro99lown_nutrient_starvation_med4_proteomics_axenic,nitrogen,Prochlorococcus MED4,matched,PMM0970,not_significant,0.82442315419515,0.0039027325118359,day 14
urtC,N,10.1101/2025.11.24.690089_growth_state_pro99lown_nutrient_starvation_med4_proteomics_axenic,nitrogen,Prochlorococcus MED4,matched,PMM0972,not_significant,0.462238629659016,0.354075856391703,day 14
urtD,N,10.1101/2025.11.24.690089_growth_state_pro99lown_nutrient_starvation_med4_proteomics_axenic,nitrogen,Prochlorococcus MED4,matched,PMM0973,not_significant,0.291469891866048,0.460565022183742,day 14
urtE,N,10.1101/2025.11.24.690089_growth_state_pro99lown_nutrient_starvation_med4_proteomics_axenic,nitrogen,Prochlorococcus MED4,matched,PMM0974,not_significant,0.451292355855306,0.182253959680862,day 14
phoA,P,10.1101/2025.11.24.690089_growth_state_pro99lown_nutrient_starvation_med4_proteomics_axenic,nitrogen,Prochlorococcus MED4,cross,PMM0708,not_significant,0.332896232604981,0.300430736772697,day 14
PMM707,P,10.1101/2025.11.24.690089_growth_state_pro99lown_nutrient_starvation_med4_proteomics_axenic,nitrogen,Prochlorococcus MED4,cross,PMM0707,no_data_at_timepoint,,,day 14
PMM721,P,10.1101/2025.11.24.690089_growth_state_pro99lown_nutrient_starvation_med4_proteomics_axenic,nitrogen,Prochlorococcus MED4,cross,PMM0721,not_significant,0.7079439163208,0.293671351250256,day 14
acr3/arsB,P,10.1101/2025.11.24.690089_growth_state_pro99lown_nutrient_starvation_med4_proteomics_axenic,nitrogen,Prochlorococcus MED4,cross,PMM0716,no_data_at_timepoint,,,day 14
arsR,P,10.1101/2025.11.24.690089_growth_state_pro99lown_nutrient_starvation_med4_proteomics_axenic,nitrogen,Prochlorococcus MED4,cross,PMM0714,no_data_at_timepoint,,,day 14
chrA,P,10.1101/2025.11.24.690089_growth_state_pro99lown_nutrient_starvation_med4_proteomics_axenic,nitrogen,Prochlorococcus MED4,cross,PMM0711,no_data_at_timepoint,,,day 14
gap3,P,10.1101/2025.11.24.690089_growth_state_pro99lown_nutrient_starvation_med4_proteomics_axenic,nitrogen,Prochlorococcus MED4,cross,PMM0713,not_significant,0.353352546691895,0.157381533320451,day 14
mfs,P,10.1101/2025.11.24.690089_growth_state_pro99lown_nutrient_starvation_med4_proteomics_axenic,nitrogen,Prochlorococcus MED4,cross,PMM0712,not_significant,0.885718981424962,0.292653743430405,day 14
phoB,P,10.1101/2025.11.24.690089_growth_state_pro99lown_nutrient_starvation_med4_proteomics_axenic,nitrogen,Prochlorococcus MED4,cross,PMM0705,not_significant,0.418107032775879,0.360417156733899,day 14
phoE,P,10.1101/2025.11.24.690089_growth_state_pro99lown_nutrient_starvation_med4_proteomics_axenic,nitrogen,Prochlorococcus MED4,cross,PMM0709,not_significant,0.0266338984171535,0.973840781333356,day 14
phoR,P,10.1101/2025.11.24.690089_growth_state_pro99lown_nutrient_starvation_med4_proteomics_axenic,nitrogen,Prochlorococcus MED4,cross,PMM0706,not_significant,0.0025955835978195,0.993957693286499,day 14
ptrA,P,10.1101/2025.11.24.690089_growth_state_pro99lown_nutrient_starvation_med4_proteomics_axenic,nitrogen,Prochlorococcus MED4,cross,PMM0718,no_data_at_timepoint,,,day 14
unkP1,P,10.1101/2025.11.24.690089_growth_state_pro99lown_nutrient_starvation_med4_proteomics_axenic,nitrogen,Prochlorococcus MED4,cross,PMM1878,no_data_at_timepoint,,,day 14
unkP2,P,10.1101/2025.11.24.690089_growth_state_pro99lown_nutrient_starvation_med4_proteomics_axenic,nitrogen,Prochlorococcus MED4,cross,PMM0715,not_significant,0.0870059331258104,0.933367413011878,day 14
unkP3,P,10.1101/2025.11.24.690089_growth_state_pro99lown_nutrient_starvation_med4_proteomics_axenic,nitrogen,Prochlorococcus MED4,cross,PMM0717,no_data_at_timepoint,,,day 14
unkP4,P,10.1101/2025.11.24.690089_growth_state_pro99lown_nutrient_starvation_med4_proteomics_axenic,nitrogen,Prochlorococcus MED4,cross,PMM1880,no_data_at_timepoint,,,day 14
unkP5,P,10.1101/2025.11.24.690089_growth_state_pro99lown_nutrient_starvation_med4_proteomics_axenic,nitrogen,Prochlorococcus MED4,cross,PMM0720,no_data_at_timepoint,,,day 14
PMM719,P,10.1101/2025.11.24.690089_growth_state_pro99lown_nutrient_starvation_med4_proteomics_axenic,nitrogen,Prochlorococcus MED4,cross,PMM0719,significant_up,1.44434960683187,0.0024288920945619,day 14
PMM722,P,10.1101/2025.11.24.690089_growth_state_pro99lown_nutrient_starvation_med4_proteomics_axenic,nitrogen,Prochlorococcus MED4,cross,PMM0722,not_significant,1.15018240610758,0.124419513591498,day 14
phnD,P,10.1101/2025.11.24.690089_growth_state_pro99lown_nutrient_starvation_med4_proteomics_axenic,nitrogen,Prochlorococcus MED4,cross,PMM0673,significant_down,-3.18140761057536,2.49799626876073e-06,day 14
ppA,P,10.1101/2025.11.24.690089_growth_state_pro99lown_nutrient_starvation_med4_proteomics_axenic,nitrogen,Prochlorococcus MED4,cross,PMM0494,not_significant,0.111374855041508,0.708154480356312,day 14
ppK,P,10.1101/2025.11.24.690089_growth_state_pro99lown_nutrient_starvation_med4_proteomics_axenic,nitrogen,Prochlorococcus MED4,cross,PMM1696,not_significant,0.201471010843913,0.610409549745909,day 14
ppX,P,10.1101/2025.11.24.690089_growth_state_pro99lown_nutrient_starvation_med4_proteomics_axenic,nitrogen,Prochlorococcus MED4,cross,PMM0457,not_significant,0.411115328470865,0.139321558215887,day 14
pstA,P,10.1101/2025.11.24.690089_growth_state_pro99lown_nutrient_starvation_med4_proteomics_axenic,nitrogen,Prochlorococcus MED4,cross,PMM0724,not_significant,-0.166290601094565,0.816668469327331,day 14
pstB,P,10.1101/2025.11.24.690089_growth_state_pro99lown_nutrient_starvation_med4_proteomics_axenic,nitrogen,Prochlorococcus MED4,cross,PMM0725,not_significant,0.298630078633626,0.370215395464276,day 14
pstC,P,10.1101/2025.11.24.690089_growth_state_pro99lown_nutrient_starvation_med4_proteomics_axenic,nitrogen,Prochlorococcus MED4,cross,PMM0723,not_significant,-0.0218585332234702,0.978301654109632,day 14
pstS,P,10.1101/2025.11.24.690089_growth_state_pro99lown_nutrient_starvation_med4_proteomics_axenic,nitrogen,Prochlorococcus MED4,cross,PMM0710,not_significant,0.18218199412028,0.49496873506977,day 14
sqdB,P,10.1101/2025.11.24.690089_growth_state_pro99lown_nutrient_starvation_med4_proteomics_axenic,nitrogen,Prochlorococcus MED4,cross,PMM1665,not_significant,-0.146049181620283,0.700094286013543,day 14
phnC,P,10.1101/2025.11.24.690089_growth_state_pro99lown_nutrient_starvation_med4_proteomics_axenic,nitrogen,Prochlorococcus MED4,cross,PMM0672,not_significant,0.281537055969238,0.5936848740027,day 14
phnE,P,10.1101/2025.11.24.690089_growth_state_pro99lown_nutrient_starvation_med4_proteomics_axenic,nitrogen,Prochlorococcus MED4,cross,PMM0671,not_significant,0.316810290018724,0.654161913195909,day 14
PsiP1,P,10.1101/2025.11.24.690089_growth_state_pro99lown_nutrient_starvation_med4_proteomics_axenic,nitrogen,Prochlorococcus MED4,cross,PMM1416,not_significant,0.272650718688967,0.627727960978442,day 14
nadB2,N,10.1101/2025.11.24.690089_growth_state_pro99lown_nutrient_starvation_med4_rnaseq_axenic,nitrogen,Prochlorococcus MED4,matched,,no_locus_in_strain,,,
natF,N,10.1101/2025.11.24.690089_growth_state_pro99lown_nutrient_starvation_med4_rnaseq_axenic,nitrogen,Prochlorococcus MED4,matched,,no_locus_in_strain,,,
natG,N,10.1101/2025.11.24.690089_growth_state_pro99lown_nutrient_starvation_med4_rnaseq_axenic,nitrogen,Prochlorococcus MED4,matched,,no_locus_in_strain,,,
natH,N,10.1101/2025.11.24.690089_growth_state_pro99lown_nutrient_starvation_med4_rnaseq_axenic,nitrogen,Prochlorococcus MED4,matched,,no_locus_in_strain,,,
focA,N,10.1101/2025.11.24.690089_growth_state_pro99lown_nutrient_starvation_med4_rnaseq_axenic,nitrogen,Prochlorococcus MED4,matched,,no_locus_in_strain,,,
nirA,N,10.1101/2025.11.24.690089_growth_state_pro99lown_nutrient_starvation_med4_rnaseq_axenic,nitrogen,Prochlorococcus MED4,matched,,no_locus_in_strain,,,
nirX,N,10.1101/2025.11.24.690089_growth_state_pro99lown_nutrient_starvation_med4_rnaseq_axenic,nitrogen,Prochlorococcus MED4,matched,,no_locus_in_strain,,,
gdhA,N,10.1101/2025.11.24.690089_growth_state_pro99lown_nutrient_starvation_med4_rnaseq_axenic,nitrogen,Prochlorococcus MED4,matched,,no_locus_in_strain,,,
amtB/amt1,N,10.1101/2025.11.24.690089_growth_state_pro99lown_nutrient_starvation_med4_rnaseq_axenic,nitrogen,Prochlorococcus MED4,matched,PMM0263,significant_up,3.8635086439112745,7.801311428232697e-10,
cynA,N,10.1101/2025.11.24.690089_growth_state_pro99lown_nutrient_starvation_med4_rnaseq_axenic,nitrogen,Prochlorococcus MED4,matched,PMM0370,significant_up,5.158630264411528,6.899092611446335e-10,
cynB,N,10.1101/2025.11.24.690089_growth_state_pro99lown_nutrient_starvation_med4_rnaseq_axenic,nitrogen,Prochlorococcus MED4,matched,PMM0371,significant_up,4.279566443092617,2.9550592954568683e-10,
cynD,N,10.1101/2025.11.24.690089_growth_state_pro99lown_nutrient_starvation_med4_rnaseq_axenic,nitrogen,Prochlorococcus MED4,matched,PMM0372,significant_up,2.981071492685053,2.4777048908969736e-11,
cynS,N,10.1101/2025.11.24.690089_growth_state_pro99lown_nutrient_starvation_med4_rnaseq_axenic,nitrogen,Prochlorococcus MED4,matched,PMM0373,not_significant,0.7777349901718181,0.0941706523664379,
nadB,N,10.1101/2025.11.24.690089_growth_state_pro99lown_nutrient_starvation_med4_rnaseq_axenic,nitrogen,Prochlorococcus MED4,matched,PMM0100,not_significant,0.7835340635894691,0.0014793620645854,
thiO,N,10.1101/2025.11.24.690089_growth_state_pro99lown_nutrient_starvation_med4_rnaseq_axenic,nitrogen,Prochlorococcus MED4,matched,PMM0047,not_significant,0.8102821392956102,0.0070307728850213,
ureA,N,10.1101/2025.11.24.690089_growth_state_pro99lown_nutrient_starvation_med4_rnaseq_axenic,nitrogen,Prochlorococcus MED4,matched,PMM0965,significant_up,2.264438881479556,0.0002324155619118,
ureB,N,10.1101/2025.11.24.690089_growth_state_pro99lown_nutrient_starvation_med4_rnaseq_axenic,nitrogen,Prochlorococcus MED4,matched,PMM0964,significant_up,2.1014755889527947,1.3632077421037737e-05,
ureC,N,10.1101/2025.11.24.690089_growth_state_pro99lown_nutrient_starvation_med4_rnaseq_axenic,nitrogen,Prochlorococcus MED4,matched,PMM0963,significant_up,1.3686487195269106,1.0856378755887778e-06,
ureD,N,10.1101/2025.11.24.690089_growth_state_pro99lown_nutrient_starvation_med4_rnaseq_axenic,nitrogen,Prochlorococcus MED4,matched,PMM0966,not_significant,0.5363911542401613,0.1701340905607276,
ureE,N,10.1101/2025.11.24.690089_growth_state_pro99lown_nutrient_starvation_med4_rnaseq_axenic,nitrogen,Prochlorococcus MED4,matched,PMM0967,not_significant,0.3434571839756931,0.4134216575839733,
ureF,N,10.1101/2025.11.24.690089_growth_state_pro99lown_nutrient_starvation_med4_rnaseq_axenic,nitrogen,Prochlorococcus MED4,matched,PMM0968,not_significant,-0.5204688529722536,0.1190139421048952,
ureG,N,10.1101/2025.11.24.690089_growth_state_pro99lown_nutrient_starvation_med4_rnaseq_axenic,nitrogen,Prochlorococcus MED4,matched,PMM0969,not_significant,0.9814433301071968,0.0057525757398383,
ntcA,N,10.1101/2025.11.24.690089_growth_state_pro99lown_nutrient_starvation_med4_rnaseq_axenic,nitrogen,Prochlorococcus MED4,matched,PMM0246,significant_up,3.352117316421244,1.0044699427936916e-05,
pipX,N,10.1101/2025.11.24.690089_growth_state_pro99lown_nutrient_starvation_med4_rnaseq_axenic,nitrogen,Prochlorococcus MED4,matched,PMM0393,not_significant,0.0746086564458916,0.8857731999738403,
glnA,N,10.1101/2025.11.24.690089_growth_state_pro99lown_nutrient_starvation_med4_rnaseq_axenic,nitrogen,Prochlorococcus MED4,matched,PMM0920,significant_up,3.3569768863566645,7.395965792256581e-06,
glsF,N,10.1101/2025.11.24.690089_growth_state_pro99lown_nutrient_starvation_med4_rnaseq_axenic,nitrogen,Prochlorococcus MED4,matched,PMM1512,significant_up,2.529728484721897,6.0856483158426845e-09,
urtA,N,10.1101/2025.11.24.690089_growth_state_pro99lown_nutrient_starvation_med4_rnaseq_axenic,nitrogen,Prochlorococcus MED4,matched,PMM0970,significant_up,2.6694942279740563,0.0001935099423896,
urtC,N,10.1101/2025.11.24.690089_growth_state_pro99lown_nutrient_starvation_med4_rnaseq_axenic,nitrogen,Prochlorococcus MED4,matched,PMM0972,not_significant,0.7696813665292588,0.073232218770298,
urtD,N,10.1101/2025.11.24.690089_growth_state_pro99lown_nutrient_starvation_med4_rnaseq_axenic,nitrogen,Prochlorococcus MED4,matched,PMM0973,significant_up,1.0075126293068315,0.0278893507331073,
urtE,N,10.1101/2025.11.24.690089_growth_state_pro99lown_nutrient_starvation_med4_rnaseq_axenic,nitrogen,Prochlorococcus MED4,matched,PMM0974,significant_up,1.3202410768900066,0.0055362407899833,
phoA,P,10.1101/2025.11.24.690089_growth_state_pro99lown_nutrient_starvation_med4_rnaseq_axenic,nitrogen,Prochlorococcus MED4,cross,PMM0708,not_significant,-0.9037284661205786,0.0118757498829612,
PMM707,P,10.1101/2025.11.24.690089_growth_state_pro99lown_nutrient_starvation_med4_rnaseq_axenic,nitrogen,Prochlorococcus MED4,cross,PMM0707,significant_up,1.4979424572052362,3.5051260320291755e-08,
PMM721,P,10.1101/2025.11.24.690089_growth_state_pro99lown_nutrient_starvation_med4_rnaseq_axenic,nitrogen,Prochlorococcus MED4,cross,PMM0721,significant_up,1.4181845616632252,0.011797954092898,
acr3/arsB,P,10.1101/2025.11.24.690089_growth_state_pro99lown_nutrient_starvation_med4_rnaseq_axenic,nitrogen,Prochlorococcus MED4,cross,PMM0716,not_significant,-0.2099762157876589,0.6188683836678219,
arsR,P,10.1101/2025.11.24.690089_growth_state_pro99lown_nutrient_starvation_med4_rnaseq_axenic,nitrogen,Prochlorococcus MED4,cross,PMM0714,significant_up,4.268064080975516,3.0605134169689046e-17,
chrA,P,10.1101/2025.11.24.690089_growth_state_pro99lown_nutrient_starvation_med4_rnaseq_axenic,nitrogen,Prochlorococcus MED4,cross,PMM0711,not_significant,0.619803074187042,0.2172936968668701,
gap3,P,10.1101/2025.11.24.690089_growth_state_pro99lown_nutrient_starvation_med4_rnaseq_axenic,nitrogen,Prochlorococcus MED4,cross,PMM0713,not_significant,0.2967648878526674,0.299486703197235,
mfs,P,10.1101/2025.11.24.690089_growth_state_pro99lown_nutrient_starvation_med4_rnaseq_axenic,nitrogen,Prochlorococcus MED4,cross,PMM0712,not_significant,0.2163262043006789,0.5219181954145464,
phoB,P,10.1101/2025.11.24.690089_growth_state_pro99lown_nutrient_starvation_med4_rnaseq_axenic,nitrogen,Prochlorococcus MED4,cross,PMM0705,significant_down,-1.1371656454925427,0.0031858647406717,
phoE,P,10.1101/2025.11.24.690089_growth_state_pro99lown_nutrient_starvation_med4_rnaseq_axenic,nitrogen,Prochlorococcus MED4,cross,PMM0709,significant_up,2.7888866892622226,1.656203162091998e-15,
phoR,P,10.1101/2025.11.24.690089_growth_state_pro99lown_nutrient_starvation_med4_rnaseq_axenic,nitrogen,Prochlorococcus MED4,cross,PMM0706,not_significant,-0.9020615042254247,0.021637601249755,
ptrA,P,10.1101/2025.11.24.690089_growth_state_pro99lown_nutrient_starvation_med4_rnaseq_axenic,nitrogen,Prochlorococcus MED4,cross,PMM0718,not_significant,2.6731124656546674,0.1843597599558331,
unkP1,P,10.1101/2025.11.24.690089_growth_state_pro99lown_nutrient_starvation_med4_rnaseq_axenic,nitrogen,Prochlorococcus MED4,cross,PMM1878,no_data_at_timepoint,,,
unkP2,P,10.1101/2025.11.24.690089_growth_state_pro99lown_nutrient_starvation_med4_rnaseq_axenic,nitrogen,Prochlorococcus MED4,cross,PMM0715,significant_up,1.255022371349108,0.0018855970326929,
unkP3,P,10.1101/2025.11.24.690089_growth_state_pro99lown_nutrient_starvation_med4_rnaseq_axenic,nitrogen,Prochlorococcus MED4,cross,PMM0717,not_significant,1.4771207844965373,0.0870689361567574,
unkP4,P,10.1101/2025.11.24.690089_growth_state_pro99lown_nutrient_starvation_med4_rnaseq_axenic,nitrogen,Prochlorococcus MED4,cross,PMM1880,not_significant,-0.2895349227917884,0.7074523000766008,
unkP5,P,10.1101/2025.11.24.690089_growth_state_pro99lown_nutrient_starvation_med4_rnaseq_axenic,nitrogen,Prochlorococcus MED4,cross,PMM0720,not_significant,1.33742355234521,0.2027049486218243,
PMM719,P,10.1101/2025.11.24.690089_growth_state_pro99lown_nutrient_starvation_med4_rnaseq_axenic,nitrogen,Prochlorococcus MED4,cross,PMM0719,significant_up,1.3137504893600755,0.014588162129705,
PMM722,P,10.1101/2025.11.24.690089_growth_state_pro99lown_nutrient_starvation_med4_rnaseq_axenic,nitrogen,Prochlorococcus MED4,cross,PMM0722,not_significant,0.0253221449039458,0.9320097489872556,
phnD,P,10.1101/2025.11.24.690089_growth_state_pro99lown_nutrient_starvation_med4_rnaseq_axenic,nitrogen,Prochlorococcus MED4,cross,PMM0673,significant_down,-2.623674416917959,1.3642816337334062e-08,
ppA,P,10.1101/2025.11.24.690089_growth_state_pro99lown_nutrient_starvation_med4_rnaseq_axenic,nitrogen,Prochlorococcus MED4,cross,PMM0494,significant_down,-3.307073447134965,7.737338187839411e-17,
ppK,P,10.1101/2025.11.24.690089_growth_state_pro99lown_nutrient_starvation_med4_rnaseq_axenic,nitrogen,Prochlorococcus MED4,cross,PMM1696,not_significant,-0.4784833685675551,0.1009217159471363,
ppX,P,10.1101/2025.11.24.690089_growth_state_pro99lown_nutrient_starvation_med4_rnaseq_axenic,nitrogen,Prochlorococcus MED4,cross,PMM0457,significant_down,-2.856994119628256,3.511025554920968e-12,
pstA,P,10.1101/2025.11.24.690089_growth_state_pro99lown_nutrient_starvation_med4_rnaseq_axenic,nitrogen,Prochlorococcus MED4,cross,PMM0724,not_significant,0.5310290241001295,0.1438749914225376,
pstB,P,10.1101/2025.11.24.690089_growth_state_pro99lown_nutrient_starvation_med4_rnaseq_axenic,nitrogen,Prochlorococcus MED4,cross,PMM0725,not_significant,0.2433827470452027,0.4989797602136759,
pstC,P,10.1101/2025.11.24.690089_growth_state_pro99lown_nutrient_starvation_med4_rnaseq_axenic,nitrogen,Prochlorococcus MED4,cross,PMM0723,significant_up,1.500045585361813,0.0001583806782874,
pstS,P,10.1101/2025.11.24.690089_growth_state_pro99lown_nutrient_starvation_med4_rnaseq_axenic,nitrogen,Prochlorococcus MED4,cross,PMM0710,significant_down,-4.460025089868583,1.43757727559003e-17,
sqdB,P,10.1101/2025.11.24.690089_growth_state_pro99lown_nutrient_starvation_med4_rnaseq_axenic,nitrogen,Prochlorococcus MED4,cross,PMM1665,significant_down,-1.6283751166646971,5.639834897761834e-09,
phnC,P,10.1101/2025.11.24.690089_growth_state_pro99lown_nutrient_starvation_med4_rnaseq_axenic,nitrogen,Prochlorococcus MED4,cross,PMM0672,not_significant,-0.3696371204325545,0.640575155228824,
phnE,P,10.1101/2025.11.24.690089_growth_state_pro99lown_nutrient_starvation_med4_rnaseq_axenic,nitrogen,Prochlorococcus MED4,cross,PMM0671,not_significant,-0.0290448204006992,0.9358312847188625,
PsiP1,P,10.1101/2025.11.24.690089_growth_state_pro99lown_nutrient_starvation_med4_rnaseq_axenic,nitrogen,Prochlorococcus MED4,cross,PMM1416,significant_up,1.970895472990316,1.9916277893498282e-07,
nadB2,N,10.1038/ismej.2017.88_nitrogen_stress_ndepleted_pro99_medium_med4_rnaseq,nitrogen,Prochlorococcus MED4,matched,,no_locus_in_strain,,,24h
natF,N,10.1038/ismej.2017.88_nitrogen_stress_ndepleted_pro99_medium_med4_rnaseq,nitrogen,Prochlorococcus MED4,matched,,no_locus_in_strain,,,24h
natG,N,10.1038/ismej.2017.88_nitrogen_stress_ndepleted_pro99_medium_med4_rnaseq,nitrogen,Prochlorococcus MED4,matched,,no_locus_in_strain,,,24h
natH,N,10.1038/ismej.2017.88_nitrogen_stress_ndepleted_pro99_medium_med4_rnaseq,nitrogen,Prochlorococcus MED4,matched,,no_locus_in_strain,,,24h
focA,N,10.1038/ismej.2017.88_nitrogen_stress_ndepleted_pro99_medium_med4_rnaseq,nitrogen,Prochlorococcus MED4,matched,,no_locus_in_strain,,,24h
nirA,N,10.1038/ismej.2017.88_nitrogen_stress_ndepleted_pro99_medium_med4_rnaseq,nitrogen,Prochlorococcus MED4,matched,,no_locus_in_strain,,,24h
nirX,N,10.1038/ismej.2017.88_nitrogen_stress_ndepleted_pro99_medium_med4_rnaseq,nitrogen,Prochlorococcus MED4,matched,,no_locus_in_strain,,,24h
gdhA,N,10.1038/ismej.2017.88_nitrogen_stress_ndepleted_pro99_medium_med4_rnaseq,nitrogen,Prochlorococcus MED4,matched,,no_locus_in_strain,,,24h
amtB/amt1,N,10.1038/ismej.2017.88_nitrogen_stress_ndepleted_pro99_medium_med4_rnaseq,nitrogen,Prochlorococcus MED4,matched,PMM0263,not_significant,2.26,1.0,24h
cynA,N,10.1038/ismej.2017.88_nitrogen_stress_ndepleted_pro99_medium_med4_rnaseq,nitrogen,Prochlorococcus MED4,matched,PMM0370,significant_up,3.84,0.0,24h
cynB,N,10.1038/ismej.2017.88_nitrogen_stress_ndepleted_pro99_medium_med4_rnaseq,nitrogen,Prochlorococcus MED4,matched,PMM0371,significant_up,2.65,0.0,24h
cynD,N,10.1038/ismej.2017.88_nitrogen_stress_ndepleted_pro99_medium_med4_rnaseq,nitrogen,Prochlorococcus MED4,matched,PMM0372,no_data_at_timepoint,,,24h
cynS,N,10.1038/ismej.2017.88_nitrogen_stress_ndepleted_pro99_medium_med4_rnaseq,nitrogen,Prochlorococcus MED4,matched,PMM0373,not_significant,-0.37,0.64,24h
nadB,N,10.1038/ismej.2017.88_nitrogen_stress_ndepleted_pro99_medium_med4_rnaseq,nitrogen,Prochlorococcus MED4,matched,PMM0100,no_data_at_timepoint,,,24h
thiO,N,10.1038/ismej.2017.88_nitrogen_stress_ndepleted_pro99_medium_med4_rnaseq,nitrogen,Prochlorococcus MED4,matched,PMM0047,no_data_at_timepoint,,,24h
ureA,N,10.1038/ismej.2017.88_nitrogen_stress_ndepleted_pro99_medium_med4_rnaseq,nitrogen,Prochlorococcus MED4,matched,PMM0965,significant_up,3.08,0.0,24h
ureB,N,10.1038/ismej.2017.88_nitrogen_stress_ndepleted_pro99_medium_med4_rnaseq,nitrogen,Prochlorococcus MED4,matched,PMM0964,significant_up,2.33,0.0,24h
ureC,N,10.1038/ismej.2017.88_nitrogen_stress_ndepleted_pro99_medium_med4_rnaseq,nitrogen,Prochlorococcus MED4,matched,PMM0963,significant_up,1.66,0.05,24h
ureD,N,10.1038/ismej.2017.88_nitrogen_stress_ndepleted_pro99_medium_med4_rnaseq,nitrogen,Prochlorococcus MED4,matched,PMM0966,not_significant,1.05,0.29,24h
ureE,N,10.1038/ismej.2017.88_nitrogen_stress_ndepleted_pro99_medium_med4_rnaseq,nitrogen,Prochlorococcus MED4,matched,PMM0967,no_data_at_timepoint,,,24h
ureF,N,10.1038/ismej.2017.88_nitrogen_stress_ndepleted_pro99_medium_med4_rnaseq,nitrogen,Prochlorococcus MED4,matched,PMM0968,no_data_at_timepoint,,,24h
ureG,N,10.1038/ismej.2017.88_nitrogen_stress_ndepleted_pro99_medium_med4_rnaseq,nitrogen,Prochlorococcus MED4,matched,PMM0969,significant_up,1.85,0.05,24h
ntcA,N,10.1038/ismej.2017.88_nitrogen_stress_ndepleted_pro99_medium_med4_rnaseq,nitrogen,Prochlorococcus MED4,matched,PMM0246,significant_up,2.17,0.0,24h
pipX,N,10.1038/ismej.2017.88_nitrogen_stress_ndepleted_pro99_medium_med4_rnaseq,nitrogen,Prochlorococcus MED4,matched,PMM0393,no_data_at_timepoint,,,24h
glnA,N,10.1038/ismej.2017.88_nitrogen_stress_ndepleted_pro99_medium_med4_rnaseq,nitrogen,Prochlorococcus MED4,matched,PMM0920,significant_up,2.45,0.0,24h
glsF,N,10.1038/ismej.2017.88_nitrogen_stress_ndepleted_pro99_medium_med4_rnaseq,nitrogen,Prochlorococcus MED4,matched,PMM1512,not_significant,0.94,0.4,24h
urtA,N,10.1038/ismej.2017.88_nitrogen_stress_ndepleted_pro99_medium_med4_rnaseq,nitrogen,Prochlorococcus MED4,matched,PMM0970,significant_up,2.8,0.01,24h
urtC,N,10.1038/ismej.2017.88_nitrogen_stress_ndepleted_pro99_medium_med4_rnaseq,nitrogen,Prochlorococcus MED4,matched,PMM0972,no_data_at_timepoint,,,24h
urtD,N,10.1038/ismej.2017.88_nitrogen_stress_ndepleted_pro99_medium_med4_rnaseq,nitrogen,Prochlorococcus MED4,matched,PMM0973,no_data_at_timepoint,,,24h
urtE,N,10.1038/ismej.2017.88_nitrogen_stress_ndepleted_pro99_medium_med4_rnaseq,nitrogen,Prochlorococcus MED4,matched,PMM0974,not_significant,-0.46,0.94,24h
phoA,P,10.1038/ismej.2017.88_nitrogen_stress_ndepleted_pro99_medium_med4_rnaseq,nitrogen,Prochlorococcus MED4,cross,PMM0708,not_significant,1.52,0.13,24h
PMM707,P,10.1038/ismej.2017.88_nitrogen_stress_ndepleted_pro99_medium_med4_rnaseq,nitrogen,Prochlorococcus MED4,cross,PMM0707,not_significant,1.29,0.13,24h
PMM721,P,10.1038/ismej.2017.88_nitrogen_stress_ndepleted_pro99_medium_med4_rnaseq,nitrogen,Prochlorococcus MED4,cross,PMM0721,no_data_at_timepoint,,,24h
acr3/arsB,P,10.1038/ismej.2017.88_nitrogen_stress_ndepleted_pro99_medium_med4_rnaseq,nitrogen,Prochlorococcus MED4,cross,PMM0716,no_data_at_timepoint,,,24h
arsR,P,10.1038/ismej.2017.88_nitrogen_stress_ndepleted_pro99_medium_med4_rnaseq,nitrogen,Prochlorococcus MED4,cross,PMM0714,not_significant,1.61,0.27,24h
chrA,P,10.1038/ismej.2017.88_nitrogen_stress_ndepleted_pro99_medium_med4_rnaseq,nitrogen,Prochlorococcus MED4,cross,PMM0711,no_data_at_timepoint,,,24h
gap3,P,10.1038/ismej.2017.88_nitrogen_stress_ndepleted_pro99_medium_med4_rnaseq,nitrogen,Prochlorococcus MED4,cross,PMM0713,no_data_at_timepoint,,,24h
mfs,P,10.1038/ismej.2017.88_nitrogen_stress_ndepleted_pro99_medium_med4_rnaseq,nitrogen,Prochlorococcus MED4,cross,PMM0712,no_data_at_timepoint,,,24h
phoB,P,10.1038/ismej.2017.88_nitrogen_stress_ndepleted_pro99_medium_med4_rnaseq,nitrogen,Prochlorococcus MED4,cross,PMM0705,not_significant,0.59,0.63,24h
phoE,P,10.1038/ismej.2017.88_nitrogen_stress_ndepleted_pro99_medium_med4_rnaseq,nitrogen,Prochlorococcus MED4,cross,PMM0709,not_significant,0.48,1.0,24h
phoR,P,10.1038/ismej.2017.88_nitrogen_stress_ndepleted_pro99_medium_med4_rnaseq,nitrogen,Prochlorococcus MED4,cross,PMM0706,no_data_at_timepoint,,,24h
ptrA,P,10.1038/ismej.2017.88_nitrogen_stress_ndepleted_pro99_medium_med4_rnaseq,nitrogen,Prochlorococcus MED4,cross,PMM0718,no_data_at_timepoint,,,24h
unkP1,P,10.1038/ismej.2017.88_nitrogen_stress_ndepleted_pro99_medium_med4_rnaseq,nitrogen,Prochlorococcus MED4,cross,PMM1878,no_data_at_timepoint,,,24h
unkP2,P,10.1038/ismej.2017.88_nitrogen_stress_ndepleted_pro99_medium_med4_rnaseq,nitrogen,Prochlorococcus MED4,cross,PMM0715,no_data_at_timepoint,,,24h
unkP3,P,10.1038/ismej.2017.88_nitrogen_stress_ndepleted_pro99_medium_med4_rnaseq,nitrogen,Prochlorococcus MED4,cross,PMM0717,not_significant,-0.56,0.43,24h
unkP4,P,10.1038/ismej.2017.88_nitrogen_stress_ndepleted_pro99_medium_med4_rnaseq,nitrogen,Prochlorococcus MED4,cross,PMM1880,no_data_at_timepoint,,,24h
unkP5,P,10.1038/ismej.2017.88_nitrogen_stress_ndepleted_pro99_medium_med4_rnaseq,nitrogen,Prochlorococcus MED4,cross,PMM0720,no_data_at_timepoint,,,24h
PMM719,P,10.1038/ismej.2017.88_nitrogen_stress_ndepleted_pro99_medium_med4_rnaseq,nitrogen,Prochlorococcus MED4,cross,PMM0719,not_significant,0.72,0.56,24h
PMM722,P,10.1038/ismej.2017.88_nitrogen_stress_ndepleted_pro99_medium_med4_rnaseq,nitrogen,Prochlorococcus MED4,cross,PMM0722,not_significant,-0.08,0.97,24h
phnD,P,10.1038/ismej.2017.88_nitrogen_stress_ndepleted_pro99_medium_med4_rnaseq,nitrogen,Prochlorococcus MED4,cross,PMM0673,no_data_at_timepoint,,,24h
ppA,P,10.1038/ismej.2017.88_nitrogen_stress_ndepleted_pro99_medium_med4_rnaseq,nitrogen,Prochlorococcus MED4,cross,PMM0494,significant_down,-1.69,0.03,24h
ppK,P,10.1038/ismej.2017.88_nitrogen_stress_ndepleted_pro99_medium_med4_rnaseq,nitrogen,Prochlorococcus MED4,cross,PMM1696,no_data_at_timepoint,,,24h
ppX,P,10.1038/ismej.2017.88_nitrogen_stress_ndepleted_pro99_medium_med4_rnaseq,nitrogen,Prochlorococcus MED4,cross,PMM0457,no_data_at_timepoint,,,24h
pstA,P,10.1038/ismej.2017.88_nitrogen_stress_ndepleted_pro99_medium_med4_rnaseq,nitrogen,Prochlorococcus MED4,cross,PMM0724,no_data_at_timepoint,,,24h
pstB,P,10.1038/ismej.2017.88_nitrogen_stress_ndepleted_pro99_medium_med4_rnaseq,nitrogen,Prochlorococcus MED4,cross,PMM0725,not_significant,0.52,1.0,24h
pstC,P,10.1038/ismej.2017.88_nitrogen_stress_ndepleted_pro99_medium_med4_rnaseq,nitrogen,Prochlorococcus MED4,cross,PMM0723,no_data_at_timepoint,,,24h
pstS,P,10.1038/ismej.2017.88_nitrogen_stress_ndepleted_pro99_medium_med4_rnaseq,nitrogen,Prochlorococcus MED4,cross,PMM0710,significant_down,-4.0,0.0,24h
sqdB,P,10.1038/ismej.2017.88_nitrogen_stress_ndepleted_pro99_medium_med4_rnaseq,nitrogen,Prochlorococcus MED4,cross,PMM1665,significant_down,-1.72,0.0,24h
phnC,P,10.1038/ismej.2017.88_nitrogen_stress_ndepleted_pro99_medium_med4_rnaseq,nitrogen,Prochlorococcus MED4,cross,PMM0672,no_data_at_timepoint,,,24h
phnE,P,10.1038/ismej.2017.88_nitrogen_stress_ndepleted_pro99_medium_med4_rnaseq,nitrogen,Prochlorococcus MED4,cross,PMM0671,no_data_at_timepoint,,,24h
PsiP1,P,10.1038/ismej.2017.88_nitrogen_stress_ndepleted_pro99_medium_med4_rnaseq,nitrogen,Prochlorococcus MED4,cross,PMM1416,not_significant,0.43,0.88,24h
nadB2,N,10.1038/msb4100087_nitrogen_nitrogen_deprivation_med4_med4_microarray,nitrogen,Prochlorococcus MED4,matched,,no_locus_in_strain,,,12h
natF,N,10.1038/msb4100087_nitrogen_nitrogen_deprivation_med4_med4_microarray,nitrogen,Prochlorococcus MED4,matched,,no_locus_in_strain,,,12h
natG,N,10.1038/msb4100087_nitrogen_nitrogen_deprivation_med4_med4_microarray,nitrogen,Prochlorococcus MED4,matched,,no_locus_in_strain,,,12h
natH,N,10.1038/msb4100087_nitrogen_nitrogen_deprivation_med4_med4_microarray,nitrogen,Prochlorococcus MED4,matched,,no_locus_in_strain,,,12h
focA,N,10.1038/msb4100087_nitrogen_nitrogen_deprivation_med4_med4_microarray,nitrogen,Prochlorococcus MED4,matched,,no_locus_in_strain,,,12h
nirA,N,10.1038/msb4100087_nitrogen_nitrogen_deprivation_med4_med4_microarray,nitrogen,Prochlorococcus MED4,matched,,no_locus_in_strain,,,12h
nirX,N,10.1038/msb4100087_nitrogen_nitrogen_deprivation_med4_med4_microarray,nitrogen,Prochlorococcus MED4,matched,,no_locus_in_strain,,,12h
gdhA,N,10.1038/msb4100087_nitrogen_nitrogen_deprivation_med4_med4_microarray,nitrogen,Prochlorococcus MED4,matched,,no_locus_in_strain,,,12h
amtB/amt1,N,10.1038/msb4100087_nitrogen_nitrogen_deprivation_med4_med4_microarray,nitrogen,Prochlorococcus MED4,matched,PMM0263,not_significant,0.640798321,1.0,12h
cynA,N,10.1038/msb4100087_nitrogen_nitrogen_deprivation_med4_med4_microarray,nitrogen,Prochlorococcus MED4,matched,PMM0370,significant_up,4.58350176619516,0.01,12h
cynB,N,10.1038/msb4100087_nitrogen_nitrogen_deprivation_med4_med4_microarray,nitrogen,Prochlorococcus MED4,matched,PMM0371,significant_up,2.37248468438192,0.01,12h
cynD,N,10.1038/msb4100087_nitrogen_nitrogen_deprivation_med4_med4_microarray,nitrogen,Prochlorococcus MED4,matched,PMM0372,significant_up,2.17991366596472,0.01,12h
cynS,N,10.1038/msb4100087_nitrogen_nitrogen_deprivation_med4_med4_microarray,nitrogen,Prochlorococcus MED4,matched,PMM0373,not_significant,1.289198572,1.0,12h
nadB,N,10.1038/msb4100087_nitrogen_nitrogen_deprivation_med4_med4_microarray,nitrogen,Prochlorococcus MED4,matched,PMM0100,not_significant,-0.416978129,1.0,12h
thiO,N,10.1038/msb4100087_nitrogen_nitrogen_deprivation_med4_med4_microarray,nitrogen,Prochlorococcus MED4,matched,PMM0047,not_significant,0.308205233,1.0,12h
ureA,N,10.1038/msb4100087_nitrogen_nitrogen_deprivation_med4_med4_microarray,nitrogen,Prochlorococcus MED4,matched,PMM0965,significant_up,1.5016806356999,0.01,12h
ureB,N,10.1038/msb4100087_nitrogen_nitrogen_deprivation_med4_med4_microarray,nitrogen,Prochlorococcus MED4,matched,PMM0964,significant_up,1.32778315629641,0.01,12h
ureC,N,10.1038/msb4100087_nitrogen_nitrogen_deprivation_med4_med4_microarray,nitrogen,Prochlorococcus MED4,matched,PMM0963,not_significant,-0.018844327,1.0,12h
ureD,N,10.1038/msb4100087_nitrogen_nitrogen_deprivation_med4_med4_microarray,nitrogen,Prochlorococcus MED4,matched,PMM0966,not_significant,-3.082907367,1.0,12h
ureE,N,10.1038/msb4100087_nitrogen_nitrogen_deprivation_med4_med4_microarray,nitrogen,Prochlorococcus MED4,matched,PMM0967,not_significant,0.358014784,1.0,12h
ureF,N,10.1038/msb4100087_nitrogen_nitrogen_deprivation_med4_med4_microarray,nitrogen,Prochlorococcus MED4,matched,PMM0968,not_significant,0.716767806,1.0,12h
ureG,N,10.1038/msb4100087_nitrogen_nitrogen_deprivation_med4_med4_microarray,nitrogen,Prochlorococcus MED4,matched,PMM0969,significant_up,1.21799783854879,0.01,12h
ntcA,N,10.1038/msb4100087_nitrogen_nitrogen_deprivation_med4_med4_microarray,nitrogen,Prochlorococcus MED4,matched,PMM0246,significant_up,3.01927772296539,0.01,12h
pipX,N,10.1038/msb4100087_nitrogen_nitrogen_deprivation_med4_med4_microarray,nitrogen,Prochlorococcus MED4,matched,PMM0393,not_significant,0.76440665,1.0,12h
glnA,N,10.1038/msb4100087_nitrogen_nitrogen_deprivation_med4_med4_microarray,nitrogen,Prochlorococcus MED4,matched,PMM0920,significant_up,4.14177961834331,0.01,12h
glsF,N,10.1038/msb4100087_nitrogen_nitrogen_deprivation_med4_med4_microarray,nitrogen,Prochlorococcus MED4,matched,PMM1512,significant_up,1.24648614137608,0.01,12h
urtA,N,10.1038/msb4100087_nitrogen_nitrogen_deprivation_med4_med4_microarray,nitrogen,Prochlorococcus MED4,matched,PMM0970,significant_up,3.75015994971883,0.01,12h
urtC,N,10.1038/msb4100087_nitrogen_nitrogen_deprivation_med4_med4_microarray,nitrogen,Prochlorococcus MED4,matched,PMM0972,not_significant,-0.126638336,1.0,12h
urtD,N,10.1038/msb4100087_nitrogen_nitrogen_deprivation_med4_med4_microarray,nitrogen,Prochlorococcus MED4,matched,PMM0973,not_significant,0.018974269,1.0,12h
urtE,N,10.1038/msb4100087_nitrogen_nitrogen_deprivation_med4_med4_microarray,nitrogen,Prochlorococcus MED4,matched,PMM0974,not_significant,0.872009404,1.0,12h
phoA,P,10.1038/msb4100087_nitrogen_nitrogen_deprivation_med4_med4_microarray,nitrogen,Prochlorococcus MED4,cross,PMM0708,not_significant,-0.207764338,1.0,12h
PMM707,P,10.1038/msb4100087_nitrogen_nitrogen_deprivation_med4_med4_microarray,nitrogen,Prochlorococcus MED4,cross,PMM0707,not_significant,0.381751606,1.0,12h
PMM721,P,10.1038/msb4100087_nitrogen_nitrogen_deprivation_med4_med4_microarray,nitrogen,Prochlorococcus MED4,cross,PMM0721,not_significant,-1.236400604,1.0,12h
acr3/arsB,P,10.1038/msb4100087_nitrogen_nitrogen_deprivation_med4_med4_microarray,nitrogen,Prochlorococcus MED4,cross,PMM0716,not_significant,0.019756746,1.0,12h
arsR,P,10.1038/msb4100087_nitrogen_nitrogen_deprivation_med4_med4_microarray,nitrogen,Prochlorococcus MED4,cross,PMM0714,not_significant,0.911613208,1.0,12h
chrA,P,10.1038/msb4100087_nitrogen_nitrogen_deprivation_med4_med4_microarray,nitrogen,Prochlorococcus MED4,cross,PMM0711,not_significant,-1.366843566,1.0,12h
gap3,P,10.1038/msb4100087_nitrogen_nitrogen_deprivation_med4_med4_microarray,nitrogen,Prochlorococcus MED4,cross,PMM0713,not_significant,0.894054052,1.0,12h
mfs,P,10.1038/msb4100087_nitrogen_nitrogen_deprivation_med4_med4_microarray,nitrogen,Prochlorococcus MED4,cross,PMM0712,not_significant,-0.094527204,1.0,12h
phoB,P,10.1038/msb4100087_nitrogen_nitrogen_deprivation_med4_med4_microarray,nitrogen,Prochlorococcus MED4,cross,PMM0705,not_significant,0.525577886,1.0,12h
phoE,P,10.1038/msb4100087_nitrogen_nitrogen_deprivation_med4_med4_microarray,nitrogen,Prochlorococcus MED4,cross,PMM0709,not_significant,-0.400186908,1.0,12h
phoR,P,10.1038/msb4100087_nitrogen_nitrogen_deprivation_med4_med4_microarray,nitrogen,Prochlorococcus MED4,cross,PMM0706,not_significant,0.038662557,1.0,12h
ptrA,P,10.1038/msb4100087_nitrogen_nitrogen_deprivation_med4_med4_microarray,nitrogen,Prochlorococcus MED4,cross,PMM0718,not_significant,-0.580112717,1.0,12h
unkP1,P,10.1038/msb4100087_nitrogen_nitrogen_deprivation_med4_med4_microarray,nitrogen,Prochlorococcus MED4,cross,PMM1878,no_data_at_timepoint,,,12h
unkP2,P,10.1038/msb4100087_nitrogen_nitrogen_deprivation_med4_med4_microarray,nitrogen,Prochlorococcus MED4,cross,PMM0715,not_significant,0.661101061,1.0,12h
unkP3,P,10.1038/msb4100087_nitrogen_nitrogen_deprivation_med4_med4_microarray,nitrogen,Prochlorococcus MED4,cross,PMM0717,not_significant,-0.326382693,1.0,12h
unkP4,P,10.1038/msb4100087_nitrogen_nitrogen_deprivation_med4_med4_microarray,nitrogen,Prochlorococcus MED4,cross,PMM1880,no_data_at_timepoint,,,12h
unkP5,P,10.1038/msb4100087_nitrogen_nitrogen_deprivation_med4_med4_microarray,nitrogen,Prochlorococcus MED4,cross,PMM0720,not_significant,-1.152665306,1.0,12h
PMM719,P,10.1038/msb4100087_nitrogen_nitrogen_deprivation_med4_med4_microarray,nitrogen,Prochlorococcus MED4,cross,PMM0719,significant_up,1.67708651285213,0.01,12h
PMM722,P,10.1038/msb4100087_nitrogen_nitrogen_deprivation_med4_med4_microarray,nitrogen,Prochlorococcus MED4,cross,PMM0722,not_significant,-0.411771375,1.0,12h
phnD,P,10.1038/msb4100087_nitrogen_nitrogen_deprivation_med4_med4_microarray,nitrogen,Prochlorococcus MED4,cross,PMM0673,significant_down,-2.18655218002584,0.01,12h
ppA,P,10.1038/msb4100087_nitrogen_nitrogen_deprivation_med4_med4_microarray,nitrogen,Prochlorococcus MED4,cross,PMM0494,significant_down,-1.58768542736678,0.01,12h
ppK,P,10.1038/msb4100087_nitrogen_nitrogen_deprivation_med4_med4_microarray,nitrogen,Prochlorococcus MED4,cross,PMM1696,not_significant,-0.28098487,1.0,12h
ppX,P,10.1038/msb4100087_nitrogen_nitrogen_deprivation_med4_med4_microarray,nitrogen,Prochlorococcus MED4,cross,PMM0457,not_significant,-0.541248362,1.0,12h
pstA,P,10.1038/msb4100087_nitrogen_nitrogen_deprivation_med4_med4_microarray,nitrogen,Prochlorococcus MED4,cross,PMM0724,not_significant,-0.912920658,1.0,12h
pstB,P,10.1038/msb4100087_nitrogen_nitrogen_deprivation_med4_med4_microarray,nitrogen,Prochlorococcus MED4,cross,PMM0725,not_significant,0.542283488,1.0,12h
pstC,P,10.1038/msb4100087_nitrogen_nitrogen_deprivation_med4_med4_microarray,nitrogen,Prochlorococcus MED4,cross,PMM0723,not_significant,-0.401609875,1.0,12h
pstS,P,10.1038/msb4100087_nitrogen_nitrogen_deprivation_med4_med4_microarray,nitrogen,Prochlorococcus MED4,cross,PMM0710,significant_down,-1.60397657407417,0.01,12h
sqdB,P,10.1038/msb4100087_nitrogen_nitrogen_deprivation_med4_med4_microarray,nitrogen,Prochlorococcus MED4,cross,PMM1665,not_significant,-0.490316622,1.0,12h
phnC,P,10.1038/msb4100087_nitrogen_nitrogen_deprivation_med4_med4_microarray,nitrogen,Prochlorococcus MED4,cross,PMM0672,not_significant,-1.739941182,1.0,12h
phnE,P,10.1038/msb4100087_nitrogen_nitrogen_deprivation_med4_med4_microarray,nitrogen,Prochlorococcus MED4,cross,PMM0671,not_significant,-0.859485312,1.0,12h
PsiP1,P,10.1038/msb4100087_nitrogen_nitrogen_deprivation_med4_med4_microarray,nitrogen,Prochlorococcus MED4,cross,PMM1416,not_significant,-0.46588768,1.0,12h
cynA,N,10.1038/msb4100087_nitrogen_nitrogen_deprivation_mit9313_mit9313_microarray,nitrogen,Prochlorococcus MIT9313,matched,,no_locus_in_strain,,,12h
cynB,N,10.1038/msb4100087_nitrogen_nitrogen_deprivation_mit9313_mit9313_microarray,nitrogen,Prochlorococcus MIT9313,matched,,no_locus_in_strain,,,12h
cynD,N,10.1038/msb4100087_nitrogen_nitrogen_deprivation_mit9313_mit9313_microarray,nitrogen,Prochlorococcus MIT9313,matched,,no_locus_in_strain,,,12h
cynS,N,10.1038/msb4100087_nitrogen_nitrogen_deprivation_mit9313_mit9313_microarray,nitrogen,Prochlorococcus MIT9313,matched,,no_locus_in_strain,,,12h
phoA,P,10.1038/msb4100087_nitrogen_nitrogen_deprivation_mit9313_mit9313_microarray,nitrogen,Prochlorococcus MIT9313,cross,,no_locus_in_strain,,,12h
PMM707,P,10.1038/msb4100087_nitrogen_nitrogen_deprivation_mit9313_mit9313_microarray,nitrogen,Prochlorococcus MIT9313,cross,,no_locus_in_strain,,,12h
PMM721,P,10.1038/msb4100087_nitrogen_nitrogen_deprivation_mit9313_mit9313_microarray,nitrogen,Prochlorococcus MIT9313,cross,,no_locus_in_strain,,,12h
acr3/arsB,P,10.1038/msb4100087_nitrogen_nitrogen_deprivation_mit9313_mit9313_microarray,nitrogen,Prochlorococcus MIT9313,cross,,no_locus_in_strain,,,12h
chrA,P,10.1038/msb4100087_nitrogen_nitrogen_deprivation_mit9313_mit9313_microarray,nitrogen,Prochlorococcus MIT9313,cross,,no_locus_in_strain,,,12h
ptrA,P,10.1038/msb4100087_nitrogen_nitrogen_deprivation_mit9313_mit9313_microarray,nitrogen,Prochlorococcus MIT9313,cross,,no_locus_in_strain,,,12h
unkP1,P,10.1038/msb4100087_nitrogen_nitrogen_deprivation_mit9313_mit9313_microarray,nitrogen,Prochlorococcus MIT9313,cross,,no_locus_in_strain,,,12h
unkP2,P,10.1038/msb4100087_nitrogen_nitrogen_deprivation_mit9313_mit9313_microarray,nitrogen,Prochlorococcus MIT9313,cross,,no_locus_in_strain,,,12h
unkP3,P,10.1038/msb4100087_nitrogen_nitrogen_deprivation_mit9313_mit9313_microarray,nitrogen,Prochlorococcus MIT9313,cross,,no_locus_in_strain,,,12h
unkP4,P,10.1038/msb4100087_nitrogen_nitrogen_deprivation_mit9313_mit9313_microarray,nitrogen,Prochlorococcus MIT9313,cross,,no_locus_in_strain,,,12h
unkP5,P,10.1038/msb4100087_nitrogen_nitrogen_deprivation_mit9313_mit9313_microarray,nitrogen,Prochlorococcus MIT9313,cross,,no_locus_in_strain,,,12h
PMM719,P,10.1038/msb4100087_nitrogen_nitrogen_deprivation_mit9313_mit9313_microarray,nitrogen,Prochlorococcus MIT9313,cross,,no_locus_in_strain,,,12h
PMM722,P,10.1038/msb4100087_nitrogen_nitrogen_deprivation_mit9313_mit9313_microarray,nitrogen,Prochlorococcus MIT9313,cross,,no_locus_in_strain,,,12h
PsiP1,P,10.1038/msb4100087_nitrogen_nitrogen_deprivation_mit9313_mit9313_microarray,nitrogen,Prochlorococcus MIT9313,cross,,no_locus_in_strain,,,12h
nadB2,N,10.1038/msb4100087_nitrogen_nitrogen_deprivation_mit9313_mit9313_microarray,nitrogen,Prochlorococcus MIT9313,matched,,no_locus_in_strain,,,12h
amtB/amt1,N,10.1038/msb4100087_nitrogen_nitrogen_deprivation_mit9313_mit9313_microarray,nitrogen,Prochlorococcus MIT9313,matched,PMT1853,significant_up,2.29358349814224,0.01,12h
nadB,N,10.1038/msb4100087_nitrogen_nitrogen_deprivation_mit9313_mit9313_microarray,nitrogen,Prochlorococcus MIT9313,matched,PMT0177,not_significant,-1.141192978,1.0,12h
thiO,N,10.1038/msb4100087_nitrogen_nitrogen_deprivation_mit9313_mit9313_microarray,nitrogen,Prochlorococcus MIT9313,matched,PMT2140,not_significant,-0.19460358,1.0,12h
ureA,N,10.1038/msb4100087_nitrogen_nitrogen_deprivation_mit9313_mit9313_microarray,nitrogen,Prochlorococcus MIT9313,matched,PMT2234,not_significant,0.789840475,1.0,12h
ureB,N,10.1038/msb4100087_nitrogen_nitrogen_deprivation_mit9313_mit9313_microarray,nitrogen,Prochlorococcus MIT9313,matched,PMT2235,not_significant,0.67276527,1.0,12h
ureC,N,10.1038/msb4100087_nitrogen_nitrogen_deprivation_mit9313_mit9313_microarray,nitrogen,Prochlorococcus MIT9313,matched,PMT2236,not_significant,0.719212281,1.0,12h
ureD,N,10.1038/msb4100087_nitrogen_nitrogen_deprivation_mit9313_mit9313_microarray,nitrogen,Prochlorococcus MIT9313,matched,PMT2233,not_significant,-1.111248883,1.0,12h
ureE,N,10.1038/msb4100087_nitrogen_nitrogen_deprivation_mit9313_mit9313_microarray,nitrogen,Prochlorococcus MIT9313,matched,PMT2232,not_significant,0.292882745,1.0,12h
ureF,N,10.1038/msb4100087_nitrogen_nitrogen_deprivation_mit9313_mit9313_microarray,nitrogen,Prochlorococcus MIT9313,matched,PMT2231,not_significant,-0.299775433,1.0,12h
ureG,N,10.1038/msb4100087_nitrogen_nitrogen_deprivation_mit9313_mit9313_microarray,nitrogen,Prochlorococcus MIT9313,matched,PMT2230,not_significant,0.150309341,1.0,12h
ntcA,N,10.1038/msb4100087_nitrogen_nitrogen_deprivation_mit9313_mit9313_microarray,nitrogen,Prochlorococcus MIT9313,matched,PMT1831,significant_up,3.5581014323859,0.01,12h
pipX,N,10.1038/msb4100087_nitrogen_nitrogen_deprivation_mit9313_mit9313_microarray,nitrogen,Prochlorococcus MIT9313,matched,PMT0205,not_significant,0.014918578,1.0,12h
glnA,N,10.1038/msb4100087_nitrogen_nitrogen_deprivation_mit9313_mit9313_microarray,nitrogen,Prochlorococcus MIT9313,matched,PMT0601,significant_up,2.03050177230425,0.01,12h
glsF,N,10.1038/msb4100087_nitrogen_nitrogen_deprivation_mit9313_mit9313_microarray,nitrogen,Prochlorococcus MIT9313,matched,PMT1777,not_significant,-0.661477736,1.0,12h
urtA,N,10.1038/msb4100087_nitrogen_nitrogen_deprivation_mit9313_mit9313_microarray,nitrogen,Prochlorococcus MIT9313,matched,PMT2229,significant_up,4.04676729054706,0.01,12h
urtC,N,10.1038/msb4100087_nitrogen_nitrogen_deprivation_mit9313_mit9313_microarray,nitrogen,Prochlorococcus MIT9313,matched,PMT2227,not_significant,0.29992446,1.0,12h
urtD,N,10.1038/msb4100087_nitrogen_nitrogen_deprivation_mit9313_mit9313_microarray,nitrogen,Prochlorococcus MIT9313,matched,PMT2226,not_significant,-0.006103848,1.0,12h
urtE,N,10.1038/msb4100087_nitrogen_nitrogen_deprivation_mit9313_mit9313_microarray,nitrogen,Prochlorococcus MIT9313,matched,PMT2225,not_significant,-0.183671938,1.0,12h
arsR,P,10.1038/msb4100087_nitrogen_nitrogen_deprivation_mit9313_mit9313_microarray,nitrogen,Prochlorococcus MIT9313,cross,PMT1001,not_significant,-0.385319365,1.0,12h
gap3,P,10.1038/msb4100087_nitrogen_nitrogen_deprivation_mit9313_mit9313_microarray,nitrogen,Prochlorococcus MIT9313,cross,PMT1000,not_significant,0.358523025,1.0,12h
mfs,P,10.1038/msb4100087_nitrogen_nitrogen_deprivation_mit9313_mit9313_microarray,nitrogen,Prochlorococcus MIT9313,cross,PMT0999,not_significant,-0.083688806,1.0,12h
phoB,P,10.1038/msb4100087_nitrogen_nitrogen_deprivation_mit9313_mit9313_microarray,nitrogen,Prochlorococcus MIT9313,cross,PMT0994,not_significant,-0.327535737,1.0,12h
phoE,P,10.1038/msb4100087_nitrogen_nitrogen_deprivation_mit9313_mit9313_microarray,nitrogen,Prochlorococcus MIT9313,cross,PMT0998,not_significant,-0.666520922,1.0,12h
phoR,P,10.1038/msb4100087_nitrogen_nitrogen_deprivation_mit9313_mit9313_microarray,nitrogen,Prochlorococcus MIT9313,cross,PMT_0997,not_significant,0.780556089,1.0,12h
phnD,P,10.1038/msb4100087_nitrogen_nitrogen_deprivation_mit9313_mit9313_microarray,nitrogen,Prochlorococcus MIT9313,cross,PMT0780,not_significant,-1.338309456,1.0,12h
ppA,P,10.1038/msb4100087_nitrogen_nitrogen_deprivation_mit9313_mit9313_microarray,nitrogen,Prochlorococcus MIT9313,cross,PMT1275,not_significant,-0.082086482,1.0,12h
ppK,P,10.1038/msb4100087_nitrogen_nitrogen_deprivation_mit9313_mit9313_microarray,nitrogen,Prochlorococcus MIT9313,cross,PMT2245,not_significant,0.084983611,1.0,12h
ppX,P,10.1038/msb4100087_nitrogen_nitrogen_deprivation_mit9313_mit9313_microarray,nitrogen,Prochlorococcus MIT9313,cross,PMT1327,not_significant,-0.017905616,1.0,12h
pstA,P,10.1038/msb4100087_nitrogen_nitrogen_deprivation_mit9313_mit9313_microarray,nitrogen,Prochlorococcus MIT9313,cross,PMT0701,not_significant,-0.316548478,1.0,12h
pstB,P,10.1038/msb4100087_nitrogen_nitrogen_deprivation_mit9313_mit9313_microarray,nitrogen,Prochlorococcus MIT9313,cross,PMT0700,not_significant,-0.297895945,1.0,12h
pstC,P,10.1038/msb4100087_nitrogen_nitrogen_deprivation_mit9313_mit9313_microarray,nitrogen,Prochlorococcus MIT9313,cross,PMT0702,not_significant,0.136523342,1.0,12h
pstS,P,10.1038/msb4100087_nitrogen_nitrogen_deprivation_mit9313_mit9313_microarray,nitrogen,Prochlorococcus MIT9313,cross,PMT0993,not_significant,0.533409089,1.0,12h
sqdB,P,10.1038/msb4100087_nitrogen_nitrogen_deprivation_mit9313_mit9313_microarray,nitrogen,Prochlorococcus MIT9313,cross,PMT0050,not_significant,-0.523154228,1.0,12h
phnC,P,10.1038/msb4100087_nitrogen_nitrogen_deprivation_mit9313_mit9313_microarray,nitrogen,Prochlorococcus MIT9313,cross,PMT0781,not_significant,-0.594250439,1.0,12h
phnE,P,10.1038/msb4100087_nitrogen_nitrogen_deprivation_mit9313_mit9313_microarray,nitrogen,Prochlorococcus MIT9313,cross,PMT0782,not_significant,-0.103731105,1.0,12h
natF,N,10.1038/msb4100087_nitrogen_nitrogen_deprivation_mit9313_mit9313_microarray,nitrogen,Prochlorococcus MIT9313,matched,PMT0897,not_significant,0.082667348,1.0,12h
natG,N,10.1038/msb4100087_nitrogen_nitrogen_deprivation_mit9313_mit9313_microarray,nitrogen,Prochlorococcus MIT9313,matched,PMT0896,not_significant,-0.855949632,1.0,12h
natH,N,10.1038/msb4100087_nitrogen_nitrogen_deprivation_mit9313_mit9313_microarray,nitrogen,Prochlorococcus MIT9313,matched,PMT0894,not_significant,-0.522500166,1.0,12h
focA,N,10.1038/msb4100087_nitrogen_nitrogen_deprivation_mit9313_mit9313_microarray,nitrogen,Prochlorococcus MIT9313,matched,PMT2240,significant_up,4.27783732753636,0.01,12h
nirA,N,10.1038/msb4100087_nitrogen_nitrogen_deprivation_mit9313_mit9313_microarray,nitrogen,Prochlorococcus MIT9313,matched,PMT2239,significant_up,4.81638652566692,0.01,12h
nirX,N,10.1038/msb4100087_nitrogen_nitrogen_deprivation_mit9313_mit9313_microarray,nitrogen,Prochlorococcus MIT9313,matched,PMT2241,significant_up,3.26282239356254,0.01,12h
gdhA,N,10.1038/msb4100087_nitrogen_nitrogen_deprivation_mit9313_mit9313_microarray,nitrogen,Prochlorococcus MIT9313,matched,PMT0623,not_significant,0.017309404,1.0,12h
cynA,N,10.1111/1462-2920.13104_phosphorus_plimited_natl2a_rnaseq_uninfected,phosphorus,Prochlorococcus NATL2A,cross,,no_locus_in_strain,,,59h
cynB,N,10.1111/1462-2920.13104_phosphorus_plimited_natl2a_rnaseq_uninfected,phosphorus,Prochlorococcus NATL2A,cross,,no_locus_in_strain,,,59h
cynD,N,10.1111/1462-2920.13104_phosphorus_plimited_natl2a_rnaseq_uninfected,phosphorus,Prochlorococcus NATL2A,cross,,no_locus_in_strain,,,59h
PMM721,P,10.1111/1462-2920.13104_phosphorus_plimited_natl2a_rnaseq_uninfected,phosphorus,Prochlorococcus NATL2A,matched,,no_locus_in_strain,,,59h
unkP2,P,10.1111/1462-2920.13104_phosphorus_plimited_natl2a_rnaseq_uninfected,phosphorus,Prochlorococcus NATL2A,matched,,no_locus_in_strain,,,59h
unkP3,P,10.1111/1462-2920.13104_phosphorus_plimited_natl2a_rnaseq_uninfected,phosphorus,Prochlorococcus NATL2A,matched,,no_locus_in_strain,,,59h
unkP4,P,10.1111/1462-2920.13104_phosphorus_plimited_natl2a_rnaseq_uninfected,phosphorus,Prochlorococcus NATL2A,matched,,no_locus_in_strain,,,59h
unkP5,P,10.1111/1462-2920.13104_phosphorus_plimited_natl2a_rnaseq_uninfected,phosphorus,Prochlorococcus NATL2A,matched,,no_locus_in_strain,,,59h
PMM719,P,10.1111/1462-2920.13104_phosphorus_plimited_natl2a_rnaseq_uninfected,phosphorus,Prochlorococcus NATL2A,matched,,no_locus_in_strain,,,59h
PMM722,P,10.1111/1462-2920.13104_phosphorus_plimited_natl2a_rnaseq_uninfected,phosphorus,Prochlorococcus NATL2A,matched,,no_locus_in_strain,,,59h
PsiP1,P,10.1111/1462-2920.13104_phosphorus_plimited_natl2a_rnaseq_uninfected,phosphorus,Prochlorococcus NATL2A,matched,,no_locus_in_strain,,,59h
nadB2,N,10.1111/1462-2920.13104_phosphorus_plimited_natl2a_rnaseq_uninfected,phosphorus,Prochlorococcus NATL2A,cross,,no_locus_in_strain,,,59h
gdhA,N,10.1111/1462-2920.13104_phosphorus_plimited_natl2a_rnaseq_uninfected,phosphorus,Prochlorococcus NATL2A,cross,,no_locus_in_strain,,,59h
amtB/amt1,N,10.1111/1462-2920.13104_phosphorus_plimited_natl2a_rnaseq_uninfected,phosphorus,Prochlorococcus NATL2A,cross,PMN2A_1629,not_significant,,,59h
cynS,N,10.1111/1462-2920.13104_phosphorus_plimited_natl2a_rnaseq_uninfected,phosphorus,Prochlorococcus NATL2A,cross,PMN2A_1390,not_significant,,,59h
nadB,N,10.1111/1462-2920.13104_phosphorus_plimited_natl2a_rnaseq_uninfected,phosphorus,Prochlorococcus NATL2A,cross,PMN2A_1468,not_significant,,,59h
thiO,N,10.1111/1462-2920.13104_phosphorus_plimited_natl2a_rnaseq_uninfected,phosphorus,Prochlorococcus NATL2A,cross,PMN2A_1380,not_significant,,,59h
ureA,N,10.1111/1462-2920.13104_phosphorus_plimited_natl2a_rnaseq_uninfected,phosphorus,Prochlorococcus NATL2A,cross,PMN2A_1053,not_significant,,,59h
ureB,N,10.1111/1462-2920.13104_phosphorus_plimited_natl2a_rnaseq_uninfected,phosphorus,Prochlorococcus NATL2A,cross,PMN2A_1054,not_significant,,,59h
ureC,N,10.1111/1462-2920.13104_phosphorus_plimited_natl2a_rnaseq_uninfected,phosphorus,Prochlorococcus NATL2A,cross,PMN2A_1055,not_significant,,,59h
ureD,N,10.1111/1462-2920.13104_phosphorus_plimited_natl2a_rnaseq_uninfected,phosphorus,Prochlorococcus NATL2A,cross,PMN2A_1052,not_significant,,,59h
ureE,N,10.1111/1462-2920.13104_phosphorus_plimited_natl2a_rnaseq_uninfected,phosphorus,Prochlorococcus NATL2A,cross,PMN2A_1051,not_significant,,,59h
ureF,N,10.1111/1462-2920.13104_phosphorus_plimited_natl2a_rnaseq_uninfected,phosphorus,Prochlorococcus NATL2A,cross,PMN2A_1050,not_significant,,,59h
ureG,N,10.1111/1462-2920.13104_phosphorus_plimited_natl2a_rnaseq_uninfected,phosphorus,Prochlorococcus NATL2A,cross,PMN2A_1049,not_significant,,,59h
ntcA,N,10.1111/1462-2920.13104_phosphorus_plimited_natl2a_rnaseq_uninfected,phosphorus,Prochlorococcus NATL2A,cross,PMN2A_1612,not_significant,,,59h
pipX,N,10.1111/1462-2920.13104_phosphorus_plimited_natl2a_rnaseq_uninfected,phosphorus,Prochlorococcus NATL2A,cross,PMN2A_1728,not_significant,,,59h
glnA,N,10.1111/1462-2920.13104_phosphorus_plimited_natl2a_rnaseq_uninfected,phosphorus,Prochlorococcus NATL2A,cross,PMN2A_0141,not_significant,,,59h
glsF,N,10.1111/1462-2920.13104_phosphorus_plimited_natl2a_rnaseq_uninfected,phosphorus,Prochlorococcus NATL2A,cross,PMN2A_1078,not_significant,,,59h
urtA,N,10.1111/1462-2920.13104_phosphorus_plimited_natl2a_rnaseq_uninfected,phosphorus,Prochlorococcus NATL2A,cross,PMN2A_1048,not_significant,,,59h
urtC,N,10.1111/1462-2920.13104_phosphorus_plimited_natl2a_rnaseq_uninfected,phosphorus,Prochlorococcus NATL2A,cross,PMN2A_1046,not_significant,,,59h
urtD,N,10.1111/1462-2920.13104_phosphorus_plimited_natl2a_rnaseq_uninfected,phosphorus,Prochlorococcus NATL2A,cross,PMN2A_1045,not_significant,,,59h
urtE,N,10.1111/1462-2920.13104_phosphorus_plimited_natl2a_rnaseq_uninfected,phosphorus,Prochlorococcus NATL2A,cross,PMN2A_1044,not_significant,,,59h
phoA,P,10.1111/1462-2920.13104_phosphorus_plimited_natl2a_rnaseq_uninfected,phosphorus,Prochlorococcus NATL2A,matched,PMN2A_0439,significant_up,6.75,0.03,59h
PMM707,P,10.1111/1462-2920.13104_phosphorus_plimited_natl2a_rnaseq_uninfected,phosphorus,Prochlorococcus NATL2A,matched,PMN2A_0438,significant_up,3.06,0.00147,59h
acr3/arsB,P,10.1111/1462-2920.13104_phosphorus_plimited_natl2a_rnaseq_uninfected,phosphorus,Prochlorococcus NATL2A,matched,PMN2A_0447,not_significant,,,59h
arsR,P,10.1111/1462-2920.13104_phosphorus_plimited_natl2a_rnaseq_uninfected,phosphorus,Prochlorococcus NATL2A,matched,PMN2A_0446,not_significant,,,59h
chrA,P,10.1111/1462-2920.13104_phosphorus_plimited_natl2a_rnaseq_uninfected,phosphorus,Prochlorococcus NATL2A,matched,PMN2A_0443,not_significant,,,59h
gap3,P,10.1111/1462-2920.13104_phosphorus_plimited_natl2a_rnaseq_uninfected,phosphorus,Prochlorococcus NATL2A,matched,PMN2A_0445,significant_up,1.71,2.73e-07,59h
mfs,P,10.1111/1462-2920.13104_phosphorus_plimited_natl2a_rnaseq_uninfected,phosphorus,Prochlorococcus NATL2A,matched,PMN2A_0444,significant_up,1.31,0.03,59h
phoB,P,10.1111/1462-2920.13104_phosphorus_plimited_natl2a_rnaseq_uninfected,phosphorus,Prochlorococcus NATL2A,matched,PMN2A_0436,significant_up,3.06,6.3e-11,59h
phoE,P,10.1111/1462-2920.13104_phosphorus_plimited_natl2a_rnaseq_uninfected,phosphorus,Prochlorococcus NATL2A,matched,PMN2A_0440,significant_up,6.69,3.93e-11,59h
phoR,P,10.1111/1462-2920.13104_phosphorus_plimited_natl2a_rnaseq_uninfected,phosphorus,Prochlorococcus NATL2A,matched,PMN2A_0437,significant_up,1.76,0.00443,59h
ptrA,P,10.1111/1462-2920.13104_phosphorus_plimited_natl2a_rnaseq_uninfected,phosphorus,Prochlorococcus NATL2A,matched,PMN2A_0435,not_significant,5.91,0.18,59h
unkP1,P,10.1111/1462-2920.13104_phosphorus_plimited_natl2a_rnaseq_uninfected,phosphorus,Prochlorococcus NATL2A,matched,PMN2A_1997,not_significant,1.91,0.07,59h
phnD,P,10.1111/1462-2920.13104_phosphorus_plimited_natl2a_rnaseq_uninfected,phosphorus,Prochlorococcus NATL2A,matched,PMN2A_0105,not_significant,,,59h
ppA,P,10.1111/1462-2920.13104_phosphorus_plimited_natl2a_rnaseq_uninfected,phosphorus,Prochlorococcus NATL2A,matched,PMN2A_1827,not_significant,,,59h
ppK,P,10.1111/1462-2920.13104_phosphorus_plimited_natl2a_rnaseq_uninfected,phosphorus,Prochlorococcus NATL2A,matched,PMN2A_1304,not_significant,,,59h
ppX,P,10.1111/1462-2920.13104_phosphorus_plimited_natl2a_rnaseq_uninfected,phosphorus,Prochlorococcus NATL2A,matched,PMN2A_1789,not_significant,,,59h
pstA,P,10.1111/1462-2920.13104_phosphorus_plimited_natl2a_rnaseq_uninfected,phosphorus,Prochlorococcus NATL2A,matched,PMN2A_0310,significant_up,1.73,4.36e-05,59h
pstB,P,10.1111/1462-2920.13104_phosphorus_plimited_natl2a_rnaseq_uninfected,phosphorus,Prochlorococcus NATL2A,matched,PMN2A_0309,significant_up,1.31,0.03,59h
pstC,P,10.1111/1462-2920.13104_phosphorus_plimited_natl2a_rnaseq_uninfected,phosphorus,Prochlorococcus NATL2A,matched,PMN2A_0311,significant_up,1.18,0.00121,59h
pstS,P,10.1111/1462-2920.13104_phosphorus_plimited_natl2a_rnaseq_uninfected,phosphorus,Prochlorococcus NATL2A,matched,PMN2A_0441,significant_up,4.86,8.38e-06,59h
sqdB,P,10.1111/1462-2920.13104_phosphorus_plimited_natl2a_rnaseq_uninfected,phosphorus,Prochlorococcus NATL2A,matched,PMN2A_1264,not_significant,,,59h
phnC,P,10.1111/1462-2920.13104_phosphorus_plimited_natl2a_rnaseq_uninfected,phosphorus,Prochlorococcus NATL2A,matched,PMN2A_0104,not_significant,,,59h
phnE,P,10.1111/1462-2920.13104_phosphorus_plimited_natl2a_rnaseq_uninfected,phosphorus,Prochlorococcus NATL2A,matched,PMN2A_0103,not_significant,,,59h
natF,N,10.1111/1462-2920.13104_phosphorus_plimited_natl2a_rnaseq_uninfected,phosphorus,Prochlorococcus NATL2A,cross,PMN2A_0614,not_significant,,,59h
natG,N,10.1111/1462-2920.13104_phosphorus_plimited_natl2a_rnaseq_uninfected,phosphorus,Prochlorococcus NATL2A,cross,PMN2A_0613,not_significant,,,59h
natH,N,10.1111/1462-2920.13104_phosphorus_plimited_natl2a_rnaseq_uninfected,phosphorus,Prochlorococcus NATL2A,cross,PMN2A_0612,not_significant,,,59h
focA,N,10.1111/1462-2920.13104_phosphorus_plimited_natl2a_rnaseq_uninfected,phosphorus,Prochlorococcus NATL2A,cross,PMN2A_1299,not_significant,,,59h
nirA,N,10.1111/1462-2920.13104_phosphorus_plimited_natl2a_rnaseq_uninfected,phosphorus,Prochlorococcus NATL2A,cross,PMN2A_1298,not_significant,,,59h
nirX,N,10.1111/1462-2920.13104_phosphorus_plimited_natl2a_rnaseq_uninfected,phosphorus,Prochlorococcus NATL2A,cross,PMN2A_1300,not_significant,,,59h
cynA,N,10.1186/2046-9063-8-7_pi_limitation_mit9312_itraq,phosphorus,Prochlorococcus MIT9312,cross,,no_locus_in_strain,,,
cynB,N,10.1186/2046-9063-8-7_pi_limitation_mit9312_itraq,phosphorus,Prochlorococcus MIT9312,cross,,no_locus_in_strain,,,
cynD,N,10.1186/2046-9063-8-7_pi_limitation_mit9312_itraq,phosphorus,Prochlorococcus MIT9312,cross,,no_locus_in_strain,,,
cynS,N,10.1186/2046-9063-8-7_pi_limitation_mit9312_itraq,phosphorus,Prochlorococcus MIT9312,cross,,no_locus_in_strain,,,
PMM721,P,10.1186/2046-9063-8-7_pi_limitation_mit9312_itraq,phosphorus,Prochlorococcus MIT9312,matched,,no_locus_in_strain,,,
acr3/arsB,P,10.1186/2046-9063-8-7_pi_limitation_mit9312_itraq,phosphorus,Prochlorococcus MIT9312,matched,,no_locus_in_strain,,,
ptrA,P,10.1186/2046-9063-8-7_pi_limitation_mit9312_itraq,phosphorus,Prochlorococcus MIT9312,matched,,no_locus_in_strain,,,
unkP2,P,10.1186/2046-9063-8-7_pi_limitation_mit9312_itraq,phosphorus,Prochlorococcus MIT9312,matched,,no_locus_in_strain,,,
unkP3,P,10.1186/2046-9063-8-7_pi_limitation_mit9312_itraq,phosphorus,Prochlorococcus MIT9312,matched,,no_locus_in_strain,,,
unkP4,P,10.1186/2046-9063-8-7_pi_limitation_mit9312_itraq,phosphorus,Prochlorococcus MIT9312,matched,,no_locus_in_strain,,,
PMM719,P,10.1186/2046-9063-8-7_pi_limitation_mit9312_itraq,phosphorus,Prochlorococcus MIT9312,matched,,no_locus_in_strain,,,
PMM722,P,10.1186/2046-9063-8-7_pi_limitation_mit9312_itraq,phosphorus,Prochlorococcus MIT9312,matched,,no_locus_in_strain,,,
PsiP1,P,10.1186/2046-9063-8-7_pi_limitation_mit9312_itraq,phosphorus,Prochlorococcus MIT9312,matched,,no_locus_in_strain,,,
focA,N,10.1186/2046-9063-8-7_pi_limitation_mit9312_itraq,phosphorus,Prochlorococcus MIT9312,cross,,no_locus_in_strain,,,
nirA,N,10.1186/2046-9063-8-7_pi_limitation_mit9312_itraq,phosphorus,Prochlorococcus MIT9312,cross,,no_locus_in_strain,,,
nirX,N,10.1186/2046-9063-8-7_pi_limitation_mit9312_itraq,phosphorus,Prochlorococcus MIT9312,cross,,no_locus_in_strain,,,
gdhA,N,10.1186/2046-9063-8-7_pi_limitation_mit9312_itraq,phosphorus,Prochlorococcus MIT9312,cross,,no_locus_in_strain,,,
amtB/amt1,N,10.1186/2046-9063-8-7_pi_limitation_mit9312_itraq,phosphorus,Prochlorococcus MIT9312,cross,PMT9312_0265,no_data_at_timepoint,,,
nadB,N,10.1186/2046-9063-8-7_pi_limitation_mit9312_itraq,phosphorus,Prochlorococcus MIT9312,cross,PMT9312_0104,no_data_at_timepoint,,,
thiO,N,10.1186/2046-9063-8-7_pi_limitation_mit9312_itraq,phosphorus,Prochlorococcus MIT9312,cross,PMT9312_0048,no_data_at_timepoint,,,
ureA,N,10.1186/2046-9063-8-7_pi_limitation_mit9312_itraq,phosphorus,Prochlorococcus MIT9312,cross,PMT9312_0834,no_data_at_timepoint,,,
ureB,N,10.1186/2046-9063-8-7_pi_limitation_mit9312_itraq,phosphorus,Prochlorococcus MIT9312,cross,PMT9312_0835,no_data_at_timepoint,,,
ureC,N,10.1186/2046-9063-8-7_pi_limitation_mit9312_itraq,phosphorus,Prochlorococcus MIT9312,cross,PMT9312_0836,no_data_at_timepoint,,,
ureD,N,10.1186/2046-9063-8-7_pi_limitation_mit9312_itraq,phosphorus,Prochlorococcus MIT9312,cross,PMT9312_0833,no_data_at_timepoint,,,
ureE,N,10.1186/2046-9063-8-7_pi_limitation_mit9312_itraq,phosphorus,Prochlorococcus MIT9312,cross,PMT9312_0832,no_data_at_timepoint,,,
ureF,N,10.1186/2046-9063-8-7_pi_limitation_mit9312_itraq,phosphorus,Prochlorococcus MIT9312,cross,PMT9312_0831,no_data_at_timepoint,,,
ureG,N,10.1186/2046-9063-8-7_pi_limitation_mit9312_itraq,phosphorus,Prochlorococcus MIT9312,cross,PMT9312_0830,no_data_at_timepoint,,,
ntcA,N,10.1186/2046-9063-8-7_pi_limitation_mit9312_itraq,phosphorus,Prochlorococcus MIT9312,cross,PMT9312_0248,no_data_at_timepoint,,,
pipX,N,10.1186/2046-9063-8-7_pi_limitation_mit9312_itraq,phosphorus,Prochlorococcus MIT9312,cross,PMT9312_0389,no_data_at_timepoint,,,
glnA,N,10.1186/2046-9063-8-7_pi_limitation_mit9312_itraq,phosphorus,Prochlorococcus MIT9312,cross,PMT9312_0880,no_data_at_timepoint,,,
glsF,N,10.1186/2046-9063-8-7_pi_limitation_mit9312_itraq,phosphorus,Prochlorococcus MIT9312,cross,PMT9312_1604,no_data_at_timepoint,,,
urtA,N,10.1186/2046-9063-8-7_pi_limitation_mit9312_itraq,phosphorus,Prochlorococcus MIT9312,cross,PMT9312_0829,no_data_at_timepoint,,,
urtC,N,10.1186/2046-9063-8-7_pi_limitation_mit9312_itraq,phosphorus,Prochlorococcus MIT9312,cross,PMT9312_0827,no_data_at_timepoint,,,
urtD,N,10.1186/2046-9063-8-7_pi_limitation_mit9312_itraq,phosphorus,Prochlorococcus MIT9312,cross,PMT9312_0826,no_data_at_timepoint,,,
urtE,N,10.1186/2046-9063-8-7_pi_limitation_mit9312_itraq,phosphorus,Prochlorococcus MIT9312,cross,PMT9312_0825,no_data_at_timepoint,,,
phoA,P,10.1186/2046-9063-8-7_pi_limitation_mit9312_itraq,phosphorus,Prochlorococcus MIT9312,matched,PMT9312_0720,significant_up,3.2250368285170405,,
PMM707,P,10.1186/2046-9063-8-7_pi_limitation_mit9312_itraq,phosphorus,Prochlorococcus MIT9312,matched,PMT9312_0719,no_data_at_timepoint,,,
arsR,P,10.1186/2046-9063-8-7_pi_limitation_mit9312_itraq,phosphorus,Prochlorococcus MIT9312,matched,PMT9312_0726,no_data_at_timepoint,,,
chrA,P,10.1186/2046-9063-8-7_pi_limitation_mit9312_itraq,phosphorus,Prochlorococcus MIT9312,matched,PMT9312_0723,no_data_at_timepoint,,,
gap3,P,10.1186/2046-9063-8-7_pi_limitation_mit9312_itraq,phosphorus,Prochlorococcus MIT9312,matched,PMT9312_0725,no_data_at_timepoint,,,
mfs,P,10.1186/2046-9063-8-7_pi_limitation_mit9312_itraq,phosphorus,Prochlorococcus MIT9312,matched,PMT9312_0724,no_data_at_timepoint,,,
phoB,P,10.1186/2046-9063-8-7_pi_limitation_mit9312_itraq,phosphorus,Prochlorococcus MIT9312,matched,PMT9312_0717,no_data_at_timepoint,,,
phoE,P,10.1186/2046-9063-8-7_pi_limitation_mit9312_itraq,phosphorus,Prochlorococcus MIT9312,matched,PMT9312_0721,significant_up,3.987145802548806,,
phoR,P,10.1186/2046-9063-8-7_pi_limitation_mit9312_itraq,phosphorus,Prochlorococcus MIT9312,matched,PMT9312_0718,no_data_at_timepoint,,,
unkP1,P,10.1186/2046-9063-8-7_pi_limitation_mit9312_itraq,phosphorus,Prochlorococcus MIT9312,matched,PMT9312_1857,no_data_at_timepoint,,,
unkP5,P,10.1186/2046-9063-8-7_pi_limitation_mit9312_itraq,phosphorus,Prochlorococcus MIT9312,matched,PMT9312_1520,no_data_at_timepoint,,,
phnD,P,10.1186/2046-9063-8-7_pi_limitation_mit9312_itraq,phosphorus,Prochlorococcus MIT9312,matched,PMT9312_0673,no_data_at_timepoint,,,
ppA,P,10.1186/2046-9063-8-7_pi_limitation_mit9312_itraq,phosphorus,Prochlorococcus MIT9312,matched,PMT9312_0495,no_data_at_timepoint,,,
ppK,P,10.1186/2046-9063-8-7_pi_limitation_mit9312_itraq,phosphorus,Prochlorococcus MIT9312,matched,PMT9312_1789,no_data_at_timepoint,,,
ppX,P,10.1186/2046-9063-8-7_pi_limitation_mit9312_itraq,phosphorus,Prochlorococcus MIT9312,matched,PMT9312_0457,no_data_at_timepoint,,,
pstA,P,10.1186/2046-9063-8-7_pi_limitation_mit9312_itraq,phosphorus,Prochlorococcus MIT9312,matched,PMT9312_0728,no_data_at_timepoint,,,
pstB,P,10.1186/2046-9063-8-7_pi_limitation_mit9312_itraq,phosphorus,Prochlorococcus MIT9312,matched,PMT9312_0729,no_data_at_timepoint,,,
pstC,P,10.1186/2046-9063-8-7_pi_limitation_mit9312_itraq,phosphorus,Prochlorococcus MIT9312,matched,PMT9312_0727,no_data_at_timepoint,,,
pstS,P,10.1186/2046-9063-8-7_pi_limitation_mit9312_itraq,phosphorus,Prochlorococcus MIT9312,matched,PMT9312_0722,significant_up,1.7331539556651812,,
sqdB,P,10.1186/2046-9063-8-7_pi_limitation_mit9312_itraq,phosphorus,Prochlorococcus MIT9312,matched,PMT9312_1757,no_data_at_timepoint,,,
phnC,P,10.1186/2046-9063-8-7_pi_limitation_mit9312_itraq,phosphorus,Prochlorococcus MIT9312,matched,PMT9312_0672,no_data_at_timepoint,,,
phnE,P,10.1186/2046-9063-8-7_pi_limitation_mit9312_itraq,phosphorus,Prochlorococcus MIT9312,matched,PMT9312_0671,no_data_at_timepoint,,,
nadB2,N,10.1186/2046-9063-8-7_pi_limitation_mit9312_itraq,phosphorus,Prochlorococcus MIT9312,cross,PMT9312_1354,no_data_at_timepoint,,,
natF,N,10.1186/2046-9063-8-7_pi_limitation_mit9312_itraq,phosphorus,Prochlorococcus MIT9312,cross,PMT9312_1168,no_data_at_timepoint,,,
natG,N,10.1186/2046-9063-8-7_pi_limitation_mit9312_itraq,phosphorus,Prochlorococcus MIT9312,cross,PMT9312_1167,no_data_at_timepoint,,,
natH,N,10.1186/2046-9063-8-7_pi_limitation_mit9312_itraq,phosphorus,Prochlorococcus MIT9312,cross,PMT9312_1166,no_data_at_timepoint,,,
cynA,N,10.1186/2046-9063-8-7_pi_limitation_natl2a_itraq,phosphorus,Prochlorococcus NATL2A,cross,,no_locus_in_strain,,,
cynB,N,10.1186/2046-9063-8-7_pi_limitation_natl2a_itraq,phosphorus,Prochlorococcus NATL2A,cross,,no_locus_in_strain,,,
cynD,N,10.1186/2046-9063-8-7_pi_limitation_natl2a_itraq,phosphorus,Prochlorococcus NATL2A,cross,,no_locus_in_strain,,,
PMM721,P,10.1186/2046-9063-8-7_pi_limitation_natl2a_itraq,phosphorus,Prochlorococcus NATL2A,matched,,no_locus_in_strain,,,
unkP2,P,10.1186/2046-9063-8-7_pi_limitation_natl2a_itraq,phosphorus,Prochlorococcus NATL2A,matched,,no_locus_in_strain,,,
unkP3,P,10.1186/2046-9063-8-7_pi_limitation_natl2a_itraq,phosphorus,Prochlorococcus NATL2A,matched,,no_locus_in_strain,,,
unkP4,P,10.1186/2046-9063-8-7_pi_limitation_natl2a_itraq,phosphorus,Prochlorococcus NATL2A,matched,,no_locus_in_strain,,,
unkP5,P,10.1186/2046-9063-8-7_pi_limitation_natl2a_itraq,phosphorus,Prochlorococcus NATL2A,matched,,no_locus_in_strain,,,
PMM719,P,10.1186/2046-9063-8-7_pi_limitation_natl2a_itraq,phosphorus,Prochlorococcus NATL2A,matched,,no_locus_in_strain,,,
PMM722,P,10.1186/2046-9063-8-7_pi_limitation_natl2a_itraq,phosphorus,Prochlorococcus NATL2A,matched,,no_locus_in_strain,,,
PsiP1,P,10.1186/2046-9063-8-7_pi_limitation_natl2a_itraq,phosphorus,Prochlorococcus NATL2A,matched,,no_locus_in_strain,,,
nadB2,N,10.1186/2046-9063-8-7_pi_limitation_natl2a_itraq,phosphorus,Prochlorococcus NATL2A,cross,,no_locus_in_strain,,,
gdhA,N,10.1186/2046-9063-8-7_pi_limitation_natl2a_itraq,phosphorus,Prochlorococcus NATL2A,cross,,no_locus_in_strain,,,
amtB/amt1,N,10.1186/2046-9063-8-7_pi_limitation_natl2a_itraq,phosphorus,Prochlorococcus NATL2A,cross,PMN2A_1629,no_data_at_timepoint,,,
cynS,N,10.1186/2046-9063-8-7_pi_limitation_natl2a_itraq,phosphorus,Prochlorococcus NATL2A,cross,PMN2A_1390,no_data_at_timepoint,,,
nadB,N,10.1186/2046-9063-8-7_pi_limitation_natl2a_itraq,phosphorus,Prochlorococcus NATL2A,cross,PMN2A_1468,no_data_at_timepoint,,,
thiO,N,10.1186/2046-9063-8-7_pi_limitation_natl2a_itraq,phosphorus,Prochlorococcus NATL2A,cross,PMN2A_1380,no_data_at_timepoint,,,
ureA,N,10.1186/2046-9063-8-7_pi_limitation_natl2a_itraq,phosphorus,Prochlorococcus NATL2A,cross,PMN2A_1053,no_data_at_timepoint,,,
ureB,N,10.1186/2046-9063-8-7_pi_limitation_natl2a_itraq,phosphorus,Prochlorococcus NATL2A,cross,PMN2A_1054,no_data_at_timepoint,,,
ureC,N,10.1186/2046-9063-8-7_pi_limitation_natl2a_itraq,phosphorus,Prochlorococcus NATL2A,cross,PMN2A_1055,no_data_at_timepoint,,,
ureD,N,10.1186/2046-9063-8-7_pi_limitation_natl2a_itraq,phosphorus,Prochlorococcus NATL2A,cross,PMN2A_1052,no_data_at_timepoint,,,
ureE,N,10.1186/2046-9063-8-7_pi_limitation_natl2a_itraq,phosphorus,Prochlorococcus NATL2A,cross,PMN2A_1051,no_data_at_timepoint,,,
ureF,N,10.1186/2046-9063-8-7_pi_limitation_natl2a_itraq,phosphorus,Prochlorococcus NATL2A,cross,PMN2A_1050,no_data_at_timepoint,,,
ureG,N,10.1186/2046-9063-8-7_pi_limitation_natl2a_itraq,phosphorus,Prochlorococcus NATL2A,cross,PMN2A_1049,no_data_at_timepoint,,,
ntcA,N,10.1186/2046-9063-8-7_pi_limitation_natl2a_itraq,phosphorus,Prochlorococcus NATL2A,cross,PMN2A_1612,no_data_at_timepoint,,,
pipX,N,10.1186/2046-9063-8-7_pi_limitation_natl2a_itraq,phosphorus,Prochlorococcus NATL2A,cross,PMN2A_1728,no_data_at_timepoint,,,
glnA,N,10.1186/2046-9063-8-7_pi_limitation_natl2a_itraq,phosphorus,Prochlorococcus NATL2A,cross,PMN2A_0141,significant_down,-2.6302813326842287,,
glsF,N,10.1186/2046-9063-8-7_pi_limitation_natl2a_itraq,phosphorus,Prochlorococcus NATL2A,cross,PMN2A_1078,no_data_at_timepoint,,,
urtA,N,10.1186/2046-9063-8-7_pi_limitation_natl2a_itraq,phosphorus,Prochlorococcus NATL2A,cross,PMN2A_1048,no_data_at_timepoint,,,
urtC,N,10.1186/2046-9063-8-7_pi_limitation_natl2a_itraq,phosphorus,Prochlorococcus NATL2A,cross,PMN2A_1046,no_data_at_timepoint,,,
urtD,N,10.1186/2046-9063-8-7_pi_limitation_natl2a_itraq,phosphorus,Prochlorococcus NATL2A,cross,PMN2A_1045,no_data_at_timepoint,,,
urtE,N,10.1186/2046-9063-8-7_pi_limitation_natl2a_itraq,phosphorus,Prochlorococcus NATL2A,cross,PMN2A_1044,no_data_at_timepoint,,,
phoA,P,10.1186/2046-9063-8-7_pi_limitation_natl2a_itraq,phosphorus,Prochlorococcus NATL2A,matched,PMN2A_0439,no_data_at_timepoint,,,
PMM707,P,10.1186/2046-9063-8-7_pi_limitation_natl2a_itraq,phosphorus,Prochlorococcus NATL2A,matched,PMN2A_0438,no_data_at_timepoint,,,
acr3/arsB,P,10.1186/2046-9063-8-7_pi_limitation_natl2a_itraq,phosphorus,Prochlorococcus NATL2A,matched,PMN2A_0447,no_data_at_timepoint,,,
arsR,P,10.1186/2046-9063-8-7_pi_limitation_natl2a_itraq,phosphorus,Prochlorococcus NATL2A,matched,PMN2A_0446,no_data_at_timepoint,,,
chrA,P,10.1186/2046-9063-8-7_pi_limitation_natl2a_itraq,phosphorus,Prochlorococcus NATL2A,matched,PMN2A_0443,no_data_at_timepoint,,,
gap3,P,10.1186/2046-9063-8-7_pi_limitation_natl2a_itraq,phosphorus,Prochlorococcus NATL2A,matched,PMN2A_0445,no_data_at_timepoint,,,
mfs,P,10.1186/2046-9063-8-7_pi_limitation_natl2a_itraq,phosphorus,Prochlorococcus NATL2A,matched,PMN2A_0444,no_data_at_timepoint,,,
phoB,P,10.1186/2046-9063-8-7_pi_limitation_natl2a_itraq,phosphorus,Prochlorococcus NATL2A,matched,PMN2A_0436,no_data_at_timepoint,,,
phoE,P,10.1186/2046-9063-8-7_pi_limitation_natl2a_itraq,phosphorus,Prochlorococcus NATL2A,matched,PMN2A_0440,no_data_at_timepoint,,,
phoR,P,10.1186/2046-9063-8-7_pi_limitation_natl2a_itraq,phosphorus,Prochlorococcus NATL2A,matched,PMN2A_0437,no_data_at_timepoint,,,
ptrA,P,10.1186/2046-9063-8-7_pi_limitation_natl2a_itraq,phosphorus,Prochlorococcus NATL2A,matched,PMN2A_0435,no_data_at_timepoint,,,
unkP1,P,10.1186/2046-9063-8-7_pi_limitation_natl2a_itraq,phosphorus,Prochlorococcus NATL2A,matched,PMN2A_1997,no_data_at_timepoint,,,
phnD,P,10.1186/2046-9063-8-7_pi_limitation_natl2a_itraq,phosphorus,Prochlorococcus NATL2A,matched,PMN2A_0105,no_data_at_timepoint,,,
ppA,P,10.1186/2046-9063-8-7_pi_limitation_natl2a_itraq,phosphorus,Prochlorococcus NATL2A,matched,PMN2A_1827,significant_down,-1.9425276624624184,,
ppK,P,10.1186/2046-9063-8-7_pi_limitation_natl2a_itraq,phosphorus,Prochlorococcus NATL2A,matched,PMN2A_1304,no_data_at_timepoint,,,
ppX,P,10.1186/2046-9063-8-7_pi_limitation_natl2a_itraq,phosphorus,Prochlorococcus NATL2A,matched,PMN2A_1789,no_data_at_timepoint,,,
pstA,P,10.1186/2046-9063-8-7_pi_limitation_natl2a_itraq,phosphorus,Prochlorococcus NATL2A,matched,PMN2A_0310,no_data_at_timepoint,,,
pstB,P,10.1186/2046-9063-8-7_pi_limitation_natl2a_itraq,phosphorus,Prochlorococcus NATL2A,matched,PMN2A_0309,no_data_at_timepoint,,,
pstC,P,10.1186/2046-9063-8-7_pi_limitation_natl2a_itraq,phosphorus,Prochlorococcus NATL2A,matched,PMN2A_0311,no_data_at_timepoint,,,
pstS,P,10.1186/2046-9063-8-7_pi_limitation_natl2a_itraq,phosphorus,Prochlorococcus NATL2A,matched,PMN2A_0441,significant_down,-1.5504986364099569,,
sqdB,P,10.1186/2046-9063-8-7_pi_limitation_natl2a_itraq,phosphorus,Prochlorococcus NATL2A,matched,PMN2A_1264,no_data_at_timepoint,,,
phnC,P,10.1186/2046-9063-8-7_pi_limitation_natl2a_itraq,phosphorus,Prochlorococcus NATL2A,matched,PMN2A_0104,no_data_at_timepoint,,,
phnE,P,10.1186/2046-9063-8-7_pi_limitation_natl2a_itraq,phosphorus,Prochlorococcus NATL2A,matched,PMN2A_0103,no_data_at_timepoint,,,
natF,N,10.1186/2046-9063-8-7_pi_limitation_natl2a_itraq,phosphorus,Prochlorococcus NATL2A,cross,PMN2A_0614,no_data_at_timepoint,,,
natG,N,10.1186/2046-9063-8-7_pi_limitation_natl2a_itraq,phosphorus,Prochlorococcus NATL2A,cross,PMN2A_0613,no_data_at_timepoint,,,
natH,N,10.1186/2046-9063-8-7_pi_limitation_natl2a_itraq,phosphorus,Prochlorococcus NATL2A,cross,PMN2A_0612,no_data_at_timepoint,,,
focA,N,10.1186/2046-9063-8-7_pi_limitation_natl2a_itraq,phosphorus,Prochlorococcus NATL2A,cross,PMN2A_1299,no_data_at_timepoint,,,
nirA,N,10.1186/2046-9063-8-7_pi_limitation_natl2a_itraq,phosphorus,Prochlorococcus NATL2A,cross,PMN2A_1298,no_data_at_timepoint,,,
nirX,N,10.1186/2046-9063-8-7_pi_limitation_natl2a_itraq,phosphorus,Prochlorococcus NATL2A,cross,PMN2A_1300,no_data_at_timepoint,,,
nadB2,N,10.1073/pnas.0601301103_phosphorus_phosphate_starvation_med4_microarray,phosphorus,Prochlorococcus MED4,cross,,no_locus_in_strain,,,48h
natF,N,10.1073/pnas.0601301103_phosphorus_phosphate_starvation_med4_microarray,phosphorus,Prochlorococcus MED4,cross,,no_locus_in_strain,,,48h
natG,N,10.1073/pnas.0601301103_phosphorus_phosphate_starvation_med4_microarray,phosphorus,Prochlorococcus MED4,cross,,no_locus_in_strain,,,48h
natH,N,10.1073/pnas.0601301103_phosphorus_phosphate_starvation_med4_microarray,phosphorus,Prochlorococcus MED4,cross,,no_locus_in_strain,,,48h
focA,N,10.1073/pnas.0601301103_phosphorus_phosphate_starvation_med4_microarray,phosphorus,Prochlorococcus MED4,cross,,no_locus_in_strain,,,48h
nirA,N,10.1073/pnas.0601301103_phosphorus_phosphate_starvation_med4_microarray,phosphorus,Prochlorococcus MED4,cross,,no_locus_in_strain,,,48h
nirX,N,10.1073/pnas.0601301103_phosphorus_phosphate_starvation_med4_microarray,phosphorus,Prochlorococcus MED4,cross,,no_locus_in_strain,,,48h
gdhA,N,10.1073/pnas.0601301103_phosphorus_phosphate_starvation_med4_microarray,phosphorus,Prochlorococcus MED4,cross,,no_locus_in_strain,,,48h
amtB/amt1,N,10.1073/pnas.0601301103_phosphorus_phosphate_starvation_med4_microarray,phosphorus,Prochlorococcus MED4,cross,PMM0263,not_significant,,,48h
cynA,N,10.1073/pnas.0601301103_phosphorus_phosphate_starvation_med4_microarray,phosphorus,Prochlorococcus MED4,cross,PMM0370,not_significant,,,48h
cynB,N,10.1073/pnas.0601301103_phosphorus_phosphate_starvation_med4_microarray,phosphorus,Prochlorococcus MED4,cross,PMM0371,not_significant,,,48h
cynD,N,10.1073/pnas.0601301103_phosphorus_phosphate_starvation_med4_microarray,phosphorus,Prochlorococcus MED4,cross,PMM0372,not_significant,,,48h
cynS,N,10.1073/pnas.0601301103_phosphorus_phosphate_starvation_med4_microarray,phosphorus,Prochlorococcus MED4,cross,PMM0373,not_significant,,,48h
nadB,N,10.1073/pnas.0601301103_phosphorus_phosphate_starvation_med4_microarray,phosphorus,Prochlorococcus MED4,cross,PMM0100,not_significant,,,48h
thiO,N,10.1073/pnas.0601301103_phosphorus_phosphate_starvation_med4_microarray,phosphorus,Prochlorococcus MED4,cross,PMM0047,not_significant,,,48h
ureA,N,10.1073/pnas.0601301103_phosphorus_phosphate_starvation_med4_microarray,phosphorus,Prochlorococcus MED4,cross,PMM0965,not_significant,,,48h
ureB,N,10.1073/pnas.0601301103_phosphorus_phosphate_starvation_med4_microarray,phosphorus,Prochlorococcus MED4,cross,PMM0964,not_significant,,,48h
ureC,N,10.1073/pnas.0601301103_phosphorus_phosphate_starvation_med4_microarray,phosphorus,Prochlorococcus MED4,cross,PMM0963,not_significant,,,48h
ureD,N,10.1073/pnas.0601301103_phosphorus_phosphate_starvation_med4_microarray,phosphorus,Prochlorococcus MED4,cross,PMM0966,not_significant,,,48h
ureE,N,10.1073/pnas.0601301103_phosphorus_phosphate_starvation_med4_microarray,phosphorus,Prochlorococcus MED4,cross,PMM0967,not_significant,,,48h
ureF,N,10.1073/pnas.0601301103_phosphorus_phosphate_starvation_med4_microarray,phosphorus,Prochlorococcus MED4,cross,PMM0968,not_significant,,,48h
ureG,N,10.1073/pnas.0601301103_phosphorus_phosphate_starvation_med4_microarray,phosphorus,Prochlorococcus MED4,cross,PMM0969,not_significant,,,48h
ntcA,N,10.1073/pnas.0601301103_phosphorus_phosphate_starvation_med4_microarray,phosphorus,Prochlorococcus MED4,cross,PMM0246,not_significant,,,48h
pipX,N,10.1073/pnas.0601301103_phosphorus_phosphate_starvation_med4_microarray,phosphorus,Prochlorococcus MED4,cross,PMM0393,not_significant,,,48h
glnA,N,10.1073/pnas.0601301103_phosphorus_phosphate_starvation_med4_microarray,phosphorus,Prochlorococcus MED4,cross,PMM0920,not_significant,,,48h
glsF,N,10.1073/pnas.0601301103_phosphorus_phosphate_starvation_med4_microarray,phosphorus,Prochlorococcus MED4,cross,PMM1512,not_significant,,,48h
urtA,N,10.1073/pnas.0601301103_phosphorus_phosphate_starvation_med4_microarray,phosphorus,Prochlorococcus MED4,cross,PMM0970,significant_down,-1.883,0.0256,48h
urtC,N,10.1073/pnas.0601301103_phosphorus_phosphate_starvation_med4_microarray,phosphorus,Prochlorococcus MED4,cross,PMM0972,not_significant,,,48h
urtD,N,10.1073/pnas.0601301103_phosphorus_phosphate_starvation_med4_microarray,phosphorus,Prochlorococcus MED4,cross,PMM0973,not_significant,,,48h
urtE,N,10.1073/pnas.0601301103_phosphorus_phosphate_starvation_med4_microarray,phosphorus,Prochlorococcus MED4,cross,PMM0974,not_significant,,,48h
phoA,P,10.1073/pnas.0601301103_phosphorus_phosphate_starvation_med4_microarray,phosphorus,Prochlorococcus MED4,matched,PMM0708,significant_up,162.295,0.0,48h
PMM707,P,10.1073/pnas.0601301103_phosphorus_phosphate_starvation_med4_microarray,phosphorus,Prochlorococcus MED4,matched,PMM0707,significant_up,29.907,0.0,48h
PMM721,P,10.1073/pnas.0601301103_phosphorus_phosphate_starvation_med4_microarray,phosphorus,Prochlorococcus MED4,matched,PMM0721,significant_up,4.356,0.0367,48h
acr3/arsB,P,10.1073/pnas.0601301103_phosphorus_phosphate_starvation_med4_microarray,phosphorus,Prochlorococcus MED4,matched,PMM0716,not_significant,,,48h
arsR,P,10.1073/pnas.0601301103_phosphorus_phosphate_starvation_med4_microarray,phosphorus,Prochlorococcus MED4,matched,PMM0714,not_significant,,,48h
chrA,P,10.1073/pnas.0601301103_phosphorus_phosphate_starvation_med4_microarray,phosphorus,Prochlorococcus MED4,matched,PMM0711,not_significant,,,48h
gap3,P,10.1073/pnas.0601301103_phosphorus_phosphate_starvation_med4_microarray,phosphorus,Prochlorococcus MED4,matched,PMM0713,significant_up,5.273,0.0001,48h
mfs,P,10.1073/pnas.0601301103_phosphorus_phosphate_starvation_med4_microarray,phosphorus,Prochlorococcus MED4,matched,PMM0712,significant_up,3.361,0.0022,48h
phoB,P,10.1073/pnas.0601301103_phosphorus_phosphate_starvation_med4_microarray,phosphorus,Prochlorococcus MED4,matched,PMM0705,significant_up,5.298,0.0,48h
phoE,P,10.1073/pnas.0601301103_phosphorus_phosphate_starvation_med4_microarray,phosphorus,Prochlorococcus MED4,matched,PMM0709,significant_up,117.337,0.0,48h
phoR,P,10.1073/pnas.0601301103_phosphorus_phosphate_starvation_med4_microarray,phosphorus,Prochlorococcus MED4,matched,PMM0706,significant_up,2.522,0.0084,48h
ptrA,P,10.1073/pnas.0601301103_phosphorus_phosphate_starvation_med4_microarray,phosphorus,Prochlorococcus MED4,matched,PMM0718,significant_up,8.517,0.022,48h
unkP1,P,10.1073/pnas.0601301103_phosphorus_phosphate_starvation_med4_microarray,phosphorus,Prochlorococcus MED4,matched,PMM1878,not_significant,,,48h
unkP2,P,10.1073/pnas.0601301103_phosphorus_phosphate_starvation_med4_microarray,phosphorus,Prochlorococcus MED4,matched,PMM0715,significant_up,2.871,0.0119,48h
unkP3,P,10.1073/pnas.0601301103_phosphorus_phosphate_starvation_med4_microarray,phosphorus,Prochlorococcus MED4,matched,PMM0717,not_significant,,,48h
unkP4,P,10.1073/pnas.0601301103_phosphorus_phosphate_starvation_med4_microarray,phosphorus,Prochlorococcus MED4,matched,PMM1880,not_significant,,,48h
unkP5,P,10.1073/pnas.0601301103_phosphorus_phosphate_starvation_med4_microarray,phosphorus,Prochlorococcus MED4,matched,PMM0720,significant_up,13.245,0.0,48h
PMM719,P,10.1073/pnas.0601301103_phosphorus_phosphate_starvation_med4_microarray,phosphorus,Prochlorococcus MED4,matched,PMM0719,significant_up,12.183,0.0,48h
PMM722,P,10.1073/pnas.0601301103_phosphorus_phosphate_starvation_med4_microarray,phosphorus,Prochlorococcus MED4,matched,PMM0722,not_significant,,,48h
phnD,P,10.1073/pnas.0601301103_phosphorus_phosphate_starvation_med4_microarray,phosphorus,Prochlorococcus MED4,matched,PMM0673,not_significant,,,48h
ppA,P,10.1073/pnas.0601301103_phosphorus_phosphate_starvation_med4_microarray,phosphorus,Prochlorococcus MED4,matched,PMM0494,not_significant,,,48h
ppK,P,10.1073/pnas.0601301103_phosphorus_phosphate_starvation_med4_microarray,phosphorus,Prochlorococcus MED4,matched,PMM1696,not_significant,,,48h
ppX,P,10.1073/pnas.0601301103_phosphorus_phosphate_starvation_med4_microarray,phosphorus,Prochlorococcus MED4,matched,PMM0457,not_significant,,,48h
pstA,P,10.1073/pnas.0601301103_phosphorus_phosphate_starvation_med4_microarray,phosphorus,Prochlorococcus MED4,matched,PMM0724,significant_up,8.034,0.0,48h
pstB,P,10.1073/pnas.0601301103_phosphorus_phosphate_starvation_med4_microarray,phosphorus,Prochlorococcus MED4,matched,PMM0725,not_significant,,,48h
pstC,P,10.1073/pnas.0601301103_phosphorus_phosphate_starvation_med4_microarray,phosphorus,Prochlorococcus MED4,matched,PMM0723,significant_up,9.222,0.0,48h
pstS,P,10.1073/pnas.0601301103_phosphorus_phosphate_starvation_med4_microarray,phosphorus,Prochlorococcus MED4,matched,PMM0710,significant_up,4.67,0.0,48h
sqdB,P,10.1073/pnas.0601301103_phosphorus_phosphate_starvation_med4_microarray,phosphorus,Prochlorococcus MED4,matched,PMM1665,not_significant,,,48h
phnC,P,10.1073/pnas.0601301103_phosphorus_phosphate_starvation_med4_microarray,phosphorus,Prochlorococcus MED4,matched,PMM0672,not_significant,,,48h
phnE,P,10.1073/pnas.0601301103_phosphorus_phosphate_starvation_med4_microarray,phosphorus,Prochlorococcus MED4,matched,PMM0671,not_significant,,,48h
PsiP1,P,10.1073/pnas.0601301103_phosphorus_phosphate_starvation_med4_microarray,phosphorus,Prochlorococcus MED4,matched,PMM1416,significant_up,44.524,0.0,48h
cynA,N,10.1073/pnas.0601301103_phosphorus_phosphate_starvation_mit9313_microarray,phosphorus,Prochlorococcus MIT9313,cross,,no_locus_in_strain,,,24h
cynB,N,10.1073/pnas.0601301103_phosphorus_phosphate_starvation_mit9313_microarray,phosphorus,Prochlorococcus MIT9313,cross,,no_locus_in_strain,,,24h
cynD,N,10.1073/pnas.0601301103_phosphorus_phosphate_starvation_mit9313_microarray,phosphorus,Prochlorococcus MIT9313,cross,,no_locus_in_strain,,,24h
cynS,N,10.1073/pnas.0601301103_phosphorus_phosphate_starvation_mit9313_microarray,phosphorus,Prochlorococcus MIT9313,cross,,no_locus_in_strain,,,24h
phoA,P,10.1073/pnas.0601301103_phosphorus_phosphate_starvation_mit9313_microarray,phosphorus,Prochlorococcus MIT9313,matched,,no_locus_in_strain,,,24h
PMM707,P,10.1073/pnas.0601301103_phosphorus_phosphate_starvation_mit9313_microarray,phosphorus,Prochlorococcus MIT9313,matched,,no_locus_in_strain,,,24h
PMM721,P,10.1073/pnas.0601301103_phosphorus_phosphate_starvation_mit9313_microarray,phosphorus,Prochlorococcus MIT9313,matched,,no_locus_in_strain,,,24h
acr3/arsB,P,10.1073/pnas.0601301103_phosphorus_phosphate_starvation_mit9313_microarray,phosphorus,Prochlorococcus MIT9313,matched,,no_locus_in_strain,,,24h
chrA,P,10.1073/pnas.0601301103_phosphorus_phosphate_starvation_mit9313_microarray,phosphorus,Prochlorococcus MIT9313,matched,,no_locus_in_strain,,,24h
ptrA,P,10.1073/pnas.0601301103_phosphorus_phosphate_starvation_mit9313_microarray,phosphorus,Prochlorococcus MIT9313,matched,,no_locus_in_strain,,,24h
unkP1,P,10.1073/pnas.0601301103_phosphorus_phosphate_starvation_mit9313_microarray,phosphorus,Prochlorococcus MIT9313,matched,,no_locus_in_strain,,,24h
unkP2,P,10.1073/pnas.0601301103_phosphorus_phosphate_starvation_mit9313_microarray,phosphorus,Prochlorococcus MIT9313,matched,,no_locus_in_strain,,,24h
unkP3,P,10.1073/pnas.0601301103_phosphorus_phosphate_starvation_mit9313_microarray,phosphorus,Prochlorococcus MIT9313,matched,,no_locus_in_strain,,,24h
unkP4,P,10.1073/pnas.0601301103_phosphorus_phosphate_starvation_mit9313_microarray,phosphorus,Prochlorococcus MIT9313,matched,,no_locus_in_strain,,,24h
unkP5,P,10.1073/pnas.0601301103_phosphorus_phosphate_starvation_mit9313_microarray,phosphorus,Prochlorococcus MIT9313,matched,,no_locus_in_strain,,,24h
PMM719,P,10.1073/pnas.0601301103_phosphorus_phosphate_starvation_mit9313_microarray,phosphorus,Prochlorococcus MIT9313,matched,,no_locus_in_strain,,,24h
PMM722,P,10.1073/pnas.0601301103_phosphorus_phosphate_starvation_mit9313_microarray,phosphorus,Prochlorococcus MIT9313,matched,,no_locus_in_strain,,,24h
PsiP1,P,10.1073/pnas.0601301103_phosphorus_phosphate_starvation_mit9313_microarray,phosphorus,Prochlorococcus MIT9313,matched,,no_locus_in_strain,,,24h
nadB2,N,10.1073/pnas.0601301103_phosphorus_phosphate_starvation_mit9313_microarray,phosphorus,Prochlorococcus MIT9313,cross,,no_locus_in_strain,,,24h
amtB/amt1,N,10.1073/pnas.0601301103_phosphorus_phosphate_starvation_mit9313_microarray,phosphorus,Prochlorococcus MIT9313,cross,PMT1853,not_significant,,,24h
nadB,N,10.1073/pnas.0601301103_phosphorus_phosphate_starvation_mit9313_microarray,phosphorus,Prochlorococcus MIT9313,cross,PMT0177,not_significant,,,24h
thiO,N,10.1073/pnas.0601301103_phosphorus_phosphate_starvation_mit9313_microarray,phosphorus,Prochlorococcus MIT9313,cross,PMT2140,not_significant,,,24h
ureA,N,10.1073/pnas.0601301103_phosphorus_phosphate_starvation_mit9313_microarray,phosphorus,Prochlorococcus MIT9313,cross,PMT2234,not_significant,,,24h
ureB,N,10.1073/pnas.0601301103_phosphorus_phosphate_starvation_mit9313_microarray,phosphorus,Prochlorococcus MIT9313,cross,PMT2235,not_significant,,,24h
ureC,N,10.1073/pnas.0601301103_phosphorus_phosphate_starvation_mit9313_microarray,phosphorus,Prochlorococcus MIT9313,cross,PMT2236,not_significant,,,24h
ureD,N,10.1073/pnas.0601301103_phosphorus_phosphate_starvation_mit9313_microarray,phosphorus,Prochlorococcus MIT9313,cross,PMT2233,not_significant,,,24h
ureE,N,10.1073/pnas.0601301103_phosphorus_phosphate_starvation_mit9313_microarray,phosphorus,Prochlorococcus MIT9313,cross,PMT2232,not_significant,,,24h
ureF,N,10.1073/pnas.0601301103_phosphorus_phosphate_starvation_mit9313_microarray,phosphorus,Prochlorococcus MIT9313,cross,PMT2231,not_significant,,,24h
ureG,N,10.1073/pnas.0601301103_phosphorus_phosphate_starvation_mit9313_microarray,phosphorus,Prochlorococcus MIT9313,cross,PMT2230,not_significant,,,24h
ntcA,N,10.1073/pnas.0601301103_phosphorus_phosphate_starvation_mit9313_microarray,phosphorus,Prochlorococcus MIT9313,cross,PMT1831,not_significant,,,24h
pipX,N,10.1073/pnas.0601301103_phosphorus_phosphate_starvation_mit9313_microarray,phosphorus,Prochlorococcus MIT9313,cross,PMT0205,not_significant,,,24h
glnA,N,10.1073/pnas.0601301103_phosphorus_phosphate_starvation_mit9313_microarray,phosphorus,Prochlorococcus MIT9313,cross,PMT0601,not_significant,,,24h
glsF,N,10.1073/pnas.0601301103_phosphorus_phosphate_starvation_mit9313_microarray,phosphorus,Prochlorococcus MIT9313,cross,PMT1777,not_significant,,,24h
urtA,N,10.1073/pnas.0601301103_phosphorus_phosphate_starvation_mit9313_microarray,phosphorus,Prochlorococcus MIT9313,cross,PMT2229,not_significant,,,24h
urtC,N,10.1073/pnas.0601301103_phosphorus_phosphate_starvation_mit9313_microarray,phosphorus,Prochlorococcus MIT9313,cross,PMT2227,not_significant,,,24h
urtD,N,10.1073/pnas.0601301103_phosphorus_phosphate_starvation_mit9313_microarray,phosphorus,Prochlorococcus MIT9313,cross,PMT2226,not_significant,,,24h
urtE,N,10.1073/pnas.0601301103_phosphorus_phosphate_starvation_mit9313_microarray,phosphorus,Prochlorococcus MIT9313,cross,PMT2225,not_significant,,,24h
arsR,P,10.1073/pnas.0601301103_phosphorus_phosphate_starvation_mit9313_microarray,phosphorus,Prochlorococcus MIT9313,matched,PMT1001,not_significant,,,24h
gap3,P,10.1073/pnas.0601301103_phosphorus_phosphate_starvation_mit9313_microarray,phosphorus,Prochlorococcus MIT9313,matched,PMT1000,significant_up,4.21,0.0,24h
mfs,P,10.1073/pnas.0601301103_phosphorus_phosphate_starvation_mit9313_microarray,phosphorus,Prochlorococcus MIT9313,matched,PMT0999,significant_up,1.808,0.0,24h
phoB,P,10.1073/pnas.0601301103_phosphorus_phosphate_starvation_mit9313_microarray,phosphorus,Prochlorococcus MIT9313,matched,PMT0994,significant_up,7.385,0.0,24h
phoE,P,10.1073/pnas.0601301103_phosphorus_phosphate_starvation_mit9313_microarray,phosphorus,Prochlorococcus MIT9313,matched,PMT0998,significant_up,33.238,0.0,24h
phoR,P,10.1073/pnas.0601301103_phosphorus_phosphate_starvation_mit9313_microarray,phosphorus,Prochlorococcus MIT9313,matched,PMT_0997,not_significant,,,24h
phnD,P,10.1073/pnas.0601301103_phosphorus_phosphate_starvation_mit9313_microarray,phosphorus,Prochlorococcus MIT9313,matched,PMT0780,not_significant,,,24h
ppA,P,10.1073/pnas.0601301103_phosphorus_phosphate_starvation_mit9313_microarray,phosphorus,Prochlorococcus MIT9313,matched,PMT1275,not_significant,,,24h
ppK,P,10.1073/pnas.0601301103_phosphorus_phosphate_starvation_mit9313_microarray,phosphorus,Prochlorococcus MIT9313,matched,PMT2245,not_significant,,,24h
ppX,P,10.1073/pnas.0601301103_phosphorus_phosphate_starvation_mit9313_microarray,phosphorus,Prochlorococcus MIT9313,matched,PMT1327,not_significant,,,24h
pstA,P,10.1073/pnas.0601301103_phosphorus_phosphate_starvation_mit9313_microarray,phosphorus,Prochlorococcus MIT9313,matched,PMT0701,significant_up,1.285,0.0014,24h
pstB,P,10.1073/pnas.0601301103_phosphorus_phosphate_starvation_mit9313_microarray,phosphorus,Prochlorococcus MIT9313,matched,PMT0700,significant_up,1.211,0.023,24h
pstC,P,10.1073/pnas.0601301103_phosphorus_phosphate_starvation_mit9313_microarray,phosphorus,Prochlorococcus MIT9313,matched,PMT0702,significant_up,1.656,0.0,24h
pstS,P,10.1073/pnas.0601301103_phosphorus_phosphate_starvation_mit9313_microarray,phosphorus,Prochlorococcus MIT9313,matched,PMT0993,significant_up,9.279,0.0,24h
sqdB,P,10.1073/pnas.0601301103_phosphorus_phosphate_starvation_mit9313_microarray,phosphorus,Prochlorococcus MIT9313,matched,PMT0050,not_significant,,,24h
phnC,P,10.1073/pnas.0601301103_phosphorus_phosphate_starvation_mit9313_microarray,phosphorus,Prochlorococcus MIT9313,matched,PMT0781,not_significant,,,24h
phnE,P,10.1073/pnas.0601301103_phosphorus_phosphate_starvation_mit9313_microarray,phosphorus,Prochlorococcus MIT9313,matched,PMT0782,not_significant,,,24h
natF,N,10.1073/pnas.0601301103_phosphorus_phosphate_starvation_mit9313_microarray,phosphorus,Prochlorococcus MIT9313,cross,PMT0897,not_significant,,,24h
natG,N,10.1073/pnas.0601301103_phosphorus_phosphate_starvation_mit9313_microarray,phosphorus,Prochlorococcus MIT9313,cross,PMT0896,not_significant,,,24h
natH,N,10.1073/pnas.0601301103_phosphorus_phosphate_starvation_mit9313_microarray,phosphorus,Prochlorococcus MIT9313,cross,PMT0894,not_significant,,,24h
focA,N,10.1073/pnas.0601301103_phosphorus_phosphate_starvation_mit9313_microarray,phosphorus,Prochlorococcus MIT9313,cross,PMT2240,not_significant,,,24h
nirA,N,10.1073/pnas.0601301103_phosphorus_phosphate_starvation_mit9313_microarray,phosphorus,Prochlorococcus MIT9313,cross,PMT2239,not_significant,,,24h
nirX,N,10.1073/pnas.0601301103_phosphorus_phosphate_starvation_mit9313_microarray,phosphorus,Prochlorococcus MIT9313,cross,PMT2241,not_significant,,,24h
gdhA,N,10.1073/pnas.0601301103_phosphorus_phosphate_starvation_mit9313_microarray,phosphorus,Prochlorococcus MIT9313,cross,PMT0623,not_significant,,,24h
