group,organism_name,locus_tag,n_tests,n_up,n_down,n_not_significant,rate_significant
H1_N,Prochlorococcus MED4,PMM0047,10,0,0,10,0.0
H1_N,Prochlorococcus MED4,PMM0100,10,0,0,10,0.0
H1_N,Prochlorococcus MED4,PMM0246,13,8,0,5,0.6153846153846154
H1_N,Prochlorococcus MED4,PMM0263,13,5,0,8,0.38461538461538464
H1_N,Prochlorococcus MED4,PMM0370,13,9,0,4,0.6923076923076923
H1_N,Prochlorococcus MED4,PMM0371,13,6,0,7,0.46153846153846156
H1_N,Prochlorococcus MED4,PMM0372,10,5,0,5,0.5
H1_N,Prochlorococcus MED4,PMM0373,13,3,0,10,0.23076923076923078
H1_N,Prochlorococcus MED4,PMM0393,10,1,0,9,0.1
H1_N,Prochlorococcus MED4,PMM0920,13,11,0,2,0.8461538461538461
H1_N,Prochlorococcus MED4,PMM0963,13,4,0,9,0.3076923076923077
H1_N,Prochlorococcus MED4,PMM0964,13,4,0,9,0.3076923076923077
H1_N,Prochlorococcus MED4,PMM0965,13,8,0,5,0.6153846153846154
H1_N,Prochlorococcus MED4,PMM0966,13,1,0,12,0.07692307692307693
H1_N,Prochlorococcus MED4,PMM0967,10,2,0,8,0.2
H1_N,Prochlorococcus MED4,PMM0968,7,0,0,7,0.0
H1_N,Prochlorococcus MED4,PMM0969,13,3,0,10,0.23076923076923078
H1_N,Prochlorococcus MED4,PMM0970,13,8,1,4,0.6923076923076923
H1_N,Prochlorococcus MED4,PMM0972,10,1,0,9,0.1
H1_N,Prochlorococcus MED4,PMM0973,10,1,0,9,0.1
H1_N,Prochlorococcus MED4,PMM0974,13,1,0,12,0.07692307692307693
H1_N,Prochlorococcus MED4,PMM1512,13,3,0,10,0.23076923076923078
H1_N,Prochlorococcus MIT9313,PMT0177,6,0,2,4,0.3333333333333333
H1_N,Prochlorococcus MIT9313,PMT0205,6,0,0,6,0.0
H1_N,Prochlorococcus MIT9313,PMT0601,6,3,0,3,0.5
H1_N,Prochlorococcus MIT9313,PMT0623,6,0,0,6,0.0
H1_N,Prochlorococcus MIT9313,PMT0894,6,0,0,6,0.0
H1_N,Prochlorococcus MIT9313,PMT0896,6,0,0,6,0.0
H1_N,Prochlorococcus MIT9313,PMT0897,6,0,1,5,0.16666666666666666
H1_N,Prochlorococcus MIT9313,PMT1777,6,0,1,5,0.16666666666666666
H1_N,Prochlorococcus MIT9313,PMT1831,6,4,0,2,0.6666666666666666
H1_N,Prochlorococcus MIT9313,PMT1853,6,4,0,2,0.6666666666666666
H1_N,Prochlorococcus MIT9313,PMT2140,6,0,0,6,0.0
H1_N,Prochlorococcus MIT9313,PMT2225,6,0,0,6,0.0
H1_N,Prochlorococcus MIT9313,PMT2226,6,0,0,6,0.0
H1_N,Prochlorococcus MIT9313,PMT2227,6,0,0,6,0.0
H1_N,Prochlorococcus MIT9313,PMT2229,6,5,0,1,0.8333333333333334
H1_N,Prochlorococcus MIT9313,PMT2230,6,0,0,6,0.0
H1_N,Prochlorococcus MIT9313,PMT2231,6,0,0,6,0.0
H1_N,Prochlorococcus MIT9313,PMT2232,6,0,0,6,0.0
H1_N,Prochlorococcus MIT9313,PMT2233,6,0,0,6,0.0
H1_N,Prochlorococcus MIT9313,PMT2234,6,1,0,5,0.16666666666666666
H1_N,Prochlorococcus MIT9313,PMT2235,6,1,0,5,0.16666666666666666
H1_N,Prochlorococcus MIT9313,PMT2236,6,1,0,5,0.16666666666666666
H1_N,Prochlorococcus MIT9313,PMT2239,6,4,0,2,0.6666666666666666
H1_N,Prochlorococcus MIT9313,PMT2240,6,4,0,2,0.6666666666666666
H1_P,Prochlorococcus MED4,PMM0705,5,3,0,2,0.6
H1_P,Prochlorococcus MED4,PMM0706,5,1,0,4,0.2
H1_P,Prochlorococcus MED4,PMM0707,5,2,0,3,0.4
H1_P,Prochlorococcus MED4,PMM0708,5,3,0,2,0.6
H1_P,Prochlorococcus MED4,PMM0710,5,2,0,3,0.4
H1_P,Prochlorococcus MED4,PMM0713,5,3,0,2,0.6
H1_P,Prochlorococcus MED4,PMM0719,5,2,0,3,0.4
H1_P,Prochlorococcus MED4,PMM0721,5,1,0,4,0.2
H1_P,Prochlorococcus MED4,PMM0723,5,2,0,3,0.4
H1_P,Prochlorococcus MED4,PMM0724,5,1,0,4,0.2
H1_P,Prochlorococcus MED4,PMM1416,5,2,0,3,0.4
H1_P,Prochlorococcus MIT9312,PMT9312_0720,1,1,0,0,1.0
H1_P,Prochlorococcus MIT9312,PMT9312_0722,1,1,0,0,1.0
H1_P,Prochlorococcus MIT9313,PMT0508,4,2,0,2,0.5
H1_P,Prochlorococcus MIT9313,PMT0700,4,1,0,3,0.25
H1_P,Prochlorococcus MIT9313,PMT0701,4,1,0,3,0.25
H1_P,Prochlorococcus MIT9313,PMT0702,4,1,0,3,0.25
H1_P,Prochlorococcus MIT9313,PMT0993,4,2,0,2,0.5
H1_P,Prochlorococcus MIT9313,PMT0994,4,2,0,2,0.5
H1_P,Prochlorococcus MIT9313,PMT1000,4,2,0,2,0.5
H1_P,Prochlorococcus MIT9313,PMT_0995,4,1,0,3,0.25
H1_P,Prochlorococcus NATL2A,PMN2A_0309,6,1,0,5,0.16666666666666666
H1_P,Prochlorococcus NATL2A,PMN2A_0310,6,1,0,5,0.16666666666666666
H1_P,Prochlorococcus NATL2A,PMN2A_0311,6,1,0,5,0.16666666666666666
H1_P,Prochlorococcus NATL2A,PMN2A_0435,6,0,0,6,0.0
H1_P,Prochlorococcus NATL2A,PMN2A_0436,6,5,0,1,0.8333333333333334
H1_P,Prochlorococcus NATL2A,PMN2A_0437,6,3,0,3,0.5
H1_P,Prochlorococcus NATL2A,PMN2A_0439,6,1,0,5,0.16666666666666666
H1_P,Prochlorococcus NATL2A,PMN2A_0441,7,3,1,3,0.5714285714285714
H1_P,Prochlorococcus NATL2A,PMN2A_0445,6,6,0,0,1.0
H1_P,Prochlorococcus NATL2A,PMN2A_1827,1,0,1,0,1.0
H2_Ngenes_Pexp,Prochlorococcus MED4,PMM0970,5,0,2,3,0.4
H2_Ngenes_Pexp,Prochlorococcus NATL2A,PMN2A_0141,1,0,1,0,1.0
H2_Pgenes_Nexp,Prochlorococcus MED4,PMM0035,13,8,0,5,0.6153846153846154
H2_Pgenes_Nexp,Prochlorococcus MED4,PMM0457,10,2,1,7,0.3
H2_Pgenes_Nexp,Prochlorococcus MED4,PMM0494,13,0,6,7,0.46153846153846156
H2_Pgenes_Nexp,Prochlorococcus MED4,PMM0511,13,0,5,8,0.38461538461538464
H2_Pgenes_Nexp,Prochlorococcus MED4,PMM0671,10,0,0,10,0.0
H2_Pgenes_Nexp,Prochlorococcus MED4,PMM0672,10,0,0,10,0.0
H2_Pgenes_Nexp,Prochlorococcus MED4,PMM0673,10,0,5,5,0.5
H2_Pgenes_Nexp,Prochlorococcus MED4,PMM0705,13,0,2,11,0.15384615384615385
H2_Pgenes_Nexp,Prochlorococcus MED4,PMM0706,10,0,1,9,0.1
H2_Pgenes_Nexp,Prochlorococcus MED4,PMM0707,10,1,0,9,0.1
H2_Pgenes_Nexp,Prochlorococcus MED4,PMM0708,13,1,0,12,0.07692307692307693
H2_Pgenes_Nexp,Prochlorococcus MED4,PMM0710,13,0,7,6,0.5384615384615384
H2_Pgenes_Nexp,Prochlorococcus MED4,PMM0711,7,0,0,7,0.0
H2_Pgenes_Nexp,Prochlorococcus MED4,PMM0713,10,0,0,10,0.0
H2_Pgenes_Nexp,Prochlorococcus MED4,PMM0714,9,1,0,8,0.1111111111111111
H2_Pgenes_Nexp,Prochlorococcus MED4,PMM0716,7,0,0,7,0.0
H2_Pgenes_Nexp,Prochlorococcus MED4,PMM0719,12,4,0,8,0.3333333333333333
H2_Pgenes_Nexp,Prochlorococcus MED4,PMM0721,10,2,0,8,0.2
H2_Pgenes_Nexp,Prochlorococcus MED4,PMM0722,13,2,0,11,0.15384615384615385
H2_Pgenes_Nexp,Prochlorococcus MED4,PMM0723,10,1,0,9,0.1
H2_Pgenes_Nexp,Prochlorococcus MED4,PMM0724,10,0,1,9,0.1
H2_Pgenes_Nexp,Prochlorococcus MED4,PMM0725,13,0,0,13,0.0
H2_Pgenes_Nexp,Prochlorococcus MED4,PMM1416,13,1,0,12,0.07692307692307693
H2_Pgenes_Nexp,Prochlorococcus MED4,PMM1665,13,0,2,11,0.15384615384615385
H2_Pgenes_Nexp,Prochlorococcus MED4,PMM1696,10,0,0,10,0.0
H2_Pgenes_Nexp,Prochlorococcus MIT9313,PMT0043,6,0,1,5,0.16666666666666666
H2_Pgenes_Nexp,Prochlorococcus MIT9313,PMT0050,6,0,2,4,0.3333333333333333
H2_Pgenes_Nexp,Prochlorococcus MIT9313,PMT0508,6,1,0,5,0.16666666666666666
H2_Pgenes_Nexp,Prochlorococcus MIT9313,PMT0700,6,0,1,5,0.16666666666666666
H2_Pgenes_Nexp,Prochlorococcus MIT9313,PMT0701,6,0,0,6,0.0
H2_Pgenes_Nexp,Prochlorococcus MIT9313,PMT0702,6,0,0,6,0.0
H2_Pgenes_Nexp,Prochlorococcus MIT9313,PMT0780,6,0,0,6,0.0
H2_Pgenes_Nexp,Prochlorococcus MIT9313,PMT0781,6,0,0,6,0.0
H2_Pgenes_Nexp,Prochlorococcus MIT9313,PMT0782,6,0,0,6,0.0
H2_Pgenes_Nexp,Prochlorococcus MIT9313,PMT0993,6,2,0,4,0.3333333333333333
H2_Pgenes_Nexp,Prochlorococcus MIT9313,PMT0994,6,1,0,5,0.16666666666666666
H2_Pgenes_Nexp,Prochlorococcus MIT9313,PMT1000,6,0,0,6,0.0
H2_Pgenes_Nexp,Prochlorococcus MIT9313,PMT1001,6,0,0,6,0.0
H2_Pgenes_Nexp,Prochlorococcus MIT9313,PMT1257,6,0,0,6,0.0
H2_Pgenes_Nexp,Prochlorococcus MIT9313,PMT1275,6,0,1,5,0.16666666666666666
H2_Pgenes_Nexp,Prochlorococcus MIT9313,PMT1327,6,0,0,6,0.0
H2_Pgenes_Nexp,Prochlorococcus MIT9313,PMT2245,6,0,0,6,0.0
H2_Pgenes_Nexp,Prochlorococcus MIT9313,PMT_0995,6,0,0,6,0.0
H2_Pgenes_Nexp,Prochlorococcus MIT9313,PMT_0996,6,0,0,6,0.0
H2_Pgenes_Nexp,Prochlorococcus MIT9313,PMT_0997,6,0,0,6,0.0
positive_control_N,Prochlorococcus MED4,PMM0246,13,8,0,5,0.6153846153846154
positive_control_N,Prochlorococcus MED4,PMM0263,13,5,0,8,0.38461538461538464
positive_control_N,Prochlorococcus MED4,PMM0920,13,11,0,2,0.8461538461538461
positive_control_N,Prochlorococcus MED4,PMM0965,13,8,0,5,0.6153846153846154
positive_control_N,Prochlorococcus MIT9313,PMT0601,6,3,0,3,0.5
positive_control_N,Prochlorococcus MIT9313,PMT1831,6,4,0,2,0.6666666666666666
positive_control_N,Prochlorococcus MIT9313,PMT1853,6,4,0,2,0.6666666666666666
positive_control_N,Prochlorococcus MIT9313,PMT2234,6,1,0,5,0.16666666666666666
positive_control_P,Prochlorococcus MED4,PMM0705,5,3,0,2,0.6
positive_control_P,Prochlorococcus MED4,PMM0706,5,1,0,4,0.2
positive_control_P,Prochlorococcus MED4,PMM0708,5,3,0,2,0.6
positive_control_P,Prochlorococcus MED4,PMM0710,5,2,0,3,0.4
positive_control_P,Prochlorococcus MIT9312,PMT9312_0720,1,1,0,0,1.0
positive_control_P,Prochlorococcus MIT9312,PMT9312_0722,1,1,0,0,1.0
positive_control_P,Prochlorococcus MIT9313,PMT0508,4,2,0,2,0.5
positive_control_P,Prochlorococcus MIT9313,PMT0993,4,2,0,2,0.5
positive_control_P,Prochlorococcus MIT9313,PMT0994,4,2,0,2,0.5
positive_control_P,Prochlorococcus MIT9313,PMT_0995,4,1,0,3,0.25
positive_control_P,Prochlorococcus NATL2A,PMN2A_0436,6,5,0,1,0.8333333333333334
positive_control_P,Prochlorococcus NATL2A,PMN2A_0437,6,3,0,3,0.5
positive_control_P,Prochlorococcus NATL2A,PMN2A_0439,6,1,0,5,0.16666666666666666
positive_control_P,Prochlorococcus NATL2A,PMN2A_0441,7,3,1,3,0.5714285714285714
background_N,Prochlorococcus MED4,PMM0014,10,1,0,9,0.1
background_N,Prochlorococcus MED4,PMM0018,7,0,0,7,0.0
background_N,Prochlorococcus MED4,PMM0033,13,2,0,11,0.15384615384615385
background_N,Prochlorococcus MED4,PMM0055,13,3,0,10,0.23076923076923078
background_N,Prochlorococcus MED4,PMM0063,13,1,0,12,0.07692307692307693
background_N,Prochlorococcus MED4,PMM0089,10,1,0,9,0.1
background_N,Prochlorococcus MED4,PMM0094,7,0,0,7,0.0
background_N,Prochlorococcus MED4,PMM0119,7,1,0,6,0.14285714285714285
background_N,Prochlorococcus MED4,PMM0129,10,0,0,10,0.0
background_N,Prochlorococcus MED4,PMM0175,10,1,0,9,0.1
background_N,Prochlorococcus MED4,PMM0203,13,1,4,8,0.38461538461538464
background_N,Prochlorococcus MED4,PMM0239,13,0,2,11,0.15384615384615385
background_N,Prochlorococcus MED4,PMM0260,12,0,0,12,0.0
background_N,Prochlorococcus MED4,PMM0295,13,0,5,8,0.38461538461538464
background_N,Prochlorococcus MED4,PMM0307,10,0,7,3,0.7
background_N,Prochlorococcus MED4,PMM0313,13,1,2,10,0.23076923076923078
background_N,Prochlorococcus MED4,PMM0315,13,0,6,7,0.46153846153846156
background_N,Prochlorococcus MED4,PMM0317,13,0,4,9,0.3076923076923077
background_N,Prochlorococcus MED4,PMM0360,7,2,0,5,0.2857142857142857
background_N,Prochlorococcus MED4,PMM0384,10,0,0,10,0.0
background_N,Prochlorococcus MED4,PMM0441,13,0,0,13,0.0
background_N,Prochlorococcus MED4,PMM0446,13,6,1,6,0.5384615384615384
background_N,Prochlorococcus MED4,PMM0458,10,1,0,9,0.1
background_N,Prochlorococcus MED4,PMM0489,10,0,2,8,0.2
background_N,Prochlorococcus MED4,PMM0504,7,0,0,7,0.0
background_N,Prochlorococcus MED4,PMM0529,10,0,0,10,0.0
background_N,Prochlorococcus MED4,PMM0533,13,0,2,11,0.15384615384615385
background_N,Prochlorococcus MED4,PMM0563,10,0,0,10,0.0
background_N,Prochlorococcus MED4,PMM0574,12,0,1,11,0.08333333333333333
background_N,Prochlorococcus MED4,PMM0586,13,0,1,12,0.07692307692307693
background_N,Prochlorococcus MED4,PMM0627,13,0,5,8,0.38461538461538464
background_N,Prochlorococcus MED4,PMM0631,10,0,1,9,0.1
background_N,Prochlorococcus MED4,PMM0635,10,3,2,5,0.5
background_N,Prochlorococcus MED4,PMM0646,10,1,1,8,0.2
background_N,Prochlorococcus MED4,PMM0659,10,0,1,9,0.1
background_N,Prochlorococcus MED4,PMM0675,10,0,0,10,0.0
background_N,Prochlorococcus MED4,PMM0681,13,1,0,12,0.07692307692307693
background_N,Prochlorococcus MED4,PMM0684,10,5,0,5,0.5
background_N,Prochlorococcus MED4,PMM0698,10,2,0,8,0.2
background_N,Prochlorococcus MED4,PMM0702,7,0,0,7,0.0
background_N,Prochlorococcus MED4,PMM0732,13,3,1,9,0.3076923076923077
background_N,Prochlorococcus MED4,PMM0793,10,0,2,8,0.2
background_N,Prochlorococcus MED4,PMM0809,7,0,1,6,0.14285714285714285
background_N,Prochlorococcus MED4,PMM0812,9,1,0,8,0.1111111111111111
background_N,Prochlorococcus MED4,PMM0837,10,0,1,9,0.1
background_N,Prochlorococcus MED4,PMM0844,13,0,6,7,0.46153846153846156
background_N,Prochlorococcus MED4,PMM0853,13,2,1,10,0.23076923076923078
background_N,Prochlorococcus MED4,PMM0878,13,2,0,11,0.15384615384615385
background_N,Prochlorococcus MED4,PMM0943,13,0,2,11,0.15384615384615385
background_N,Prochlorococcus MED4,PMM0990,10,2,0,8,0.2
background_N,Prochlorococcus MED4,PMM0995,6,0,0,6,0.0
background_N,Prochlorococcus MED4,PMM0996,13,5,0,8,0.38461538461538464
background_N,Prochlorococcus MED4,PMM1013,10,5,0,5,0.5
background_N,Prochlorococcus MED4,PMM1023,7,0,0,7,0.0
background_N,Prochlorococcus MED4,PMM1031,13,3,0,10,0.23076923076923078
background_N,Prochlorococcus MED4,PMM1056,10,0,0,10,0.0
background_N,Prochlorococcus MED4,PMM1082,10,2,0,8,0.2
background_N,Prochlorococcus MED4,PMM1102,10,0,0,10,0.0
background_N,Prochlorococcus MED4,PMM1140,10,0,0,10,0.0
background_N,Prochlorococcus MED4,PMM1183,10,0,5,5,0.5
background_N,Prochlorococcus MED4,PMM1203,10,0,0,10,0.0
background_N,Prochlorococcus MED4,PMM1210,10,0,0,10,0.0
background_N,Prochlorococcus MED4,PMM1216,10,0,0,10,0.0
background_N,Prochlorococcus MED4,PMM1243,10,0,2,8,0.2
background_N,Prochlorococcus MED4,PMM1257,13,0,1,12,0.07692307692307693
background_N,Prochlorococcus MED4,PMM1276,4,0,3,1,0.75
background_N,Prochlorococcus MED4,PMM1320,7,0,0,7,0.0
background_N,Prochlorococcus MED4,PMM1322,13,2,0,11,0.15384615384615385
background_N,Prochlorococcus MED4,PMM1345,13,0,5,8,0.38461538461538464
background_N,Prochlorococcus MED4,PMM1361,10,0,2,8,0.2
background_N,Prochlorococcus MED4,PMM1368,13,0,0,13,0.0
background_N,Prochlorococcus MED4,PMM1372,13,0,0,13,0.0
background_N,Prochlorococcus MED4,PMM1387,10,1,1,8,0.2
background_N,Prochlorococcus MED4,PMM1405,13,0,2,11,0.15384615384615385
background_N,Prochlorococcus MED4,PMM1452,13,0,8,5,0.6153846153846154
background_N,Prochlorococcus MED4,PMM1460,10,0,0,10,0.0
background_N,Prochlorococcus MED4,PMM1509,13,1,3,9,0.3076923076923077
background_N,Prochlorococcus MED4,PMM1517,10,0,0,10,0.0
background_N,Prochlorococcus MED4,PMM1519,13,0,8,5,0.6153846153846154
background_N,Prochlorococcus MED4,PMM1534,13,0,3,10,0.23076923076923078
background_N,Prochlorococcus MED4,PMM1543,13,1,5,7,0.46153846153846156
background_N,Prochlorococcus MED4,PMM1551,13,1,4,8,0.38461538461538464
background_N,Prochlorococcus MED4,PMM1553,13,0,8,5,0.6153846153846154
background_N,Prochlorococcus MED4,PMM1563,10,0,0,10,0.0
background_N,Prochlorococcus MED4,PMM1612,1,0,0,1,0.0
background_N,Prochlorococcus MED4,PMM1619,13,0,2,11,0.15384615384615385
background_N,Prochlorococcus MED4,PMM1634,13,0,0,13,0.0
background_N,Prochlorococcus MED4,PMM1640,13,0,2,11,0.15384615384615385
background_N,Prochlorococcus MED4,PMM1692,10,1,0,9,0.1
background_N,Prochlorococcus MED4,PMM1694,13,4,0,9,0.3076923076923077
background_N,Prochlorococcus MED4,PMM1715,10,0,0,10,0.0
background_N,Prochlorococcus MED4,PMM1804,1,1,0,0,1.0
background_N,Prochlorococcus MED4,PMM1821,1,0,1,0,1.0
background_N,Prochlorococcus MED4,PMM1858,1,0,1,0,1.0
background_N,Prochlorococcus MED4,PMM1902,1,0,1,0,1.0
background_N,Prochlorococcus MED4,PMM1913,1,0,0,1,0.0
background_N,Prochlorococcus MED4,PMM1948,1,0,0,1,0.0
background_N,Prochlorococcus MED4,PMM1988,1,0,1,0,1.0
background_N,Prochlorococcus MED4,PMM1998,1,0,0,1,0.0
background_N,Prochlorococcus MED4,PMM2019,4,0,0,4,0.0
background_N,Prochlorococcus MIT9313,PMT0034,6,0,0,6,0.0
background_N,Prochlorococcus MIT9313,PMT0045,6,0,0,6,0.0
background_N,Prochlorococcus MIT9313,PMT0057,6,0,0,6,0.0
background_N,Prochlorococcus MIT9313,PMT0111,6,0,0,6,0.0
background_N,Prochlorococcus MIT9313,PMT0122,6,0,1,5,0.16666666666666666
background_N,Prochlorococcus MIT9313,PMT0154,6,0,0,6,0.0
background_N,Prochlorococcus MIT9313,PMT0187,6,0,1,5,0.16666666666666666
background_N,Prochlorococcus MIT9313,PMT0216,6,0,0,6,0.0
background_N,Prochlorococcus MIT9313,PMT0239,6,0,1,5,0.16666666666666666
background_N,Prochlorococcus MIT9313,PMT0256,6,1,0,5,0.16666666666666666
background_N,Prochlorococcus MIT9313,PMT0265,6,0,0,6,0.0
background_N,Prochlorococcus MIT9313,PMT0296,6,0,0,6,0.0
background_N,Prochlorococcus MIT9313,PMT0298,6,0,0,6,0.0
background_N,Prochlorococcus MIT9313,PMT0301,6,0,0,6,0.0
background_N,Prochlorococcus MIT9313,PMT0358,6,0,0,6,0.0
background_N,Prochlorococcus MIT9313,PMT0368,6,0,0,6,0.0
background_N,Prochlorococcus MIT9313,PMT0404,6,0,0,6,0.0
background_N,Prochlorococcus MIT9313,PMT0438,6,0,0,6,0.0
background_N,Prochlorococcus MIT9313,PMT0451,6,0,0,6,0.0
background_N,Prochlorococcus MIT9313,PMT0464,6,0,1,5,0.16666666666666666
background_N,Prochlorococcus MIT9313,PMT0467,6,0,0,6,0.0
background_N,Prochlorococcus MIT9313,PMT0535,6,0,2,4,0.3333333333333333
background_N,Prochlorococcus MIT9313,PMT0536,6,0,0,6,0.0
background_N,Prochlorococcus MIT9313,PMT0541,6,0,0,6,0.0
background_N,Prochlorococcus MIT9313,PMT0617,6,0,0,6,0.0
background_N,Prochlorococcus MIT9313,PMT0641,6,0,0,6,0.0
background_N,Prochlorococcus MIT9313,PMT0663,6,0,0,6,0.0
background_N,Prochlorococcus MIT9313,PMT0693,6,0,0,6,0.0
background_N,Prochlorococcus MIT9313,PMT0712,6,0,0,6,0.0
background_N,Prochlorococcus MIT9313,PMT0715,6,0,0,6,0.0
background_N,Prochlorococcus MIT9313,PMT0726,6,0,0,6,0.0
background_N,Prochlorococcus MIT9313,PMT0730,6,0,1,5,0.16666666666666666
background_N,Prochlorococcus MIT9313,PMT0735,6,0,0,6,0.0
background_N,Prochlorococcus MIT9313,PMT0751,6,0,0,6,0.0
background_N,Prochlorococcus MIT9313,PMT0754,6,0,2,4,0.3333333333333333
background_N,Prochlorococcus MIT9313,PMT0759,6,0,0,6,0.0
background_N,Prochlorococcus MIT9313,PMT0768,6,0,0,6,0.0
background_N,Prochlorococcus MIT9313,PMT0787,6,0,0,6,0.0
background_N,Prochlorococcus MIT9313,PMT0789,6,0,0,6,0.0
background_N,Prochlorococcus MIT9313,PMT0797,6,0,0,6,0.0
background_N,Prochlorococcus MIT9313,PMT0826,6,0,0,6,0.0
background_N,Prochlorococcus MIT9313,PMT0878,6,0,0,6,0.0
background_N,Prochlorococcus MIT9313,PMT0903,6,0,0,6,0.0
background_N,Prochlorococcus MIT9313,PMT0917,6,0,1,5,0.16666666666666666
background_N,Prochlorococcus MIT9313,PMT0943,6,1,1,4,0.3333333333333333
background_N,Prochlorococcus MIT9313,PMT1125,6,0,0,6,0.0
background_N,Prochlorococcus MIT9313,PMT1145,6,0,0,6,0.0
background_N,Prochlorococcus MIT9313,PMT1146,6,0,0,6,0.0
background_N,Prochlorococcus MIT9313,PMT1168,6,0,0,6,0.0
background_N,Prochlorococcus MIT9313,PMT1185,6,0,0,6,0.0
background_N,Prochlorococcus MIT9313,PMT1188,6,0,0,6,0.0
background_N,Prochlorococcus MIT9313,PMT1218,6,0,0,6,0.0
background_N,Prochlorococcus MIT9313,PMT1241,6,0,0,6,0.0
background_N,Prochlorococcus MIT9313,PMT1277,6,0,0,6,0.0
background_N,Prochlorococcus MIT9313,PMT1316,6,0,2,4,0.3333333333333333
background_N,Prochlorococcus MIT9313,PMT1322,6,0,2,4,0.3333333333333333
background_N,Prochlorococcus MIT9313,PMT1326,6,0,0,6,0.0
background_N,Prochlorococcus MIT9313,PMT1329,6,0,0,6,0.0
background_N,Prochlorococcus MIT9313,PMT1344,6,0,0,6,0.0
background_N,Prochlorococcus MIT9313,PMT1376,6,0,1,5,0.16666666666666666
background_N,Prochlorococcus MIT9313,PMT1379,6,0,0,6,0.0
background_N,Prochlorococcus MIT9313,PMT1381,6,0,0,6,0.0
background_N,Prochlorococcus MIT9313,PMT1386,6,0,0,6,0.0
background_N,Prochlorococcus MIT9313,PMT1398,6,0,0,6,0.0
background_N,Prochlorococcus MIT9313,PMT1403,6,0,0,6,0.0
background_N,Prochlorococcus MIT9313,PMT1470,6,0,4,2,0.6666666666666666
background_N,Prochlorococcus MIT9313,PMT1493,6,0,0,6,0.0
background_N,Prochlorococcus MIT9313,PMT1497,6,0,0,6,0.0
background_N,Prochlorococcus MIT9313,PMT1503,6,0,0,6,0.0
background_N,Prochlorococcus MIT9313,PMT1523,6,0,1,5,0.16666666666666666
background_N,Prochlorococcus MIT9313,PMT1535,6,0,0,6,0.0
background_N,Prochlorococcus MIT9313,PMT1583,6,0,0,6,0.0
background_N,Prochlorococcus MIT9313,PMT1597,6,1,0,5,0.16666666666666666
background_N,Prochlorococcus MIT9313,PMT1625,6,0,0,6,0.0
background_N,Prochlorococcus MIT9313,PMT1633,6,0,0,6,0.0
background_N,Prochlorococcus MIT9313,PMT1646,6,0,0,6,0.0
background_N,Prochlorococcus MIT9313,PMT1678,6,0,0,6,0.0
background_N,Prochlorococcus MIT9313,PMT1686,6,0,0,6,0.0
background_N,Prochlorococcus MIT9313,PMT1690,6,0,0,6,0.0
background_N,Prochlorococcus MIT9313,PMT1703,6,0,0,6,0.0
background_N,Prochlorococcus MIT9313,PMT1767,6,0,2,4,0.3333333333333333
background_N,Prochlorococcus MIT9313,PMT1792,6,0,0,6,0.0
background_N,Prochlorococcus MIT9313,PMT1794,6,0,0,6,0.0
background_N,Prochlorococcus MIT9313,PMT1861,6,0,0,6,0.0
background_N,Prochlorococcus MIT9313,PMT1866,6,0,0,6,0.0
background_N,Prochlorococcus MIT9313,PMT1985,6,0,0,6,0.0
background_N,Prochlorococcus MIT9313,PMT2002,6,0,2,4,0.3333333333333333
background_N,Prochlorococcus MIT9313,PMT2013,6,0,1,5,0.16666666666666666
background_N,Prochlorococcus MIT9313,PMT2095,6,0,0,6,0.0
background_N,Prochlorococcus MIT9313,PMT2130,6,0,1,5,0.16666666666666666
background_N,Prochlorococcus MIT9313,PMT2154,6,0,0,6,0.0
background_N,Prochlorococcus MIT9313,PMT2158,6,0,1,5,0.16666666666666666
background_N,Prochlorococcus MIT9313,PMT2179,6,0,0,6,0.0
background_N,Prochlorococcus MIT9313,PMT2180,6,3,0,3,0.5
background_N,Prochlorococcus MIT9313,PMT2251,6,0,0,6,0.0
background_N,Prochlorococcus MIT9313,PMT2271,6,1,0,5,0.16666666666666666
background_N,Prochlorococcus MIT9313,PMT_0929,6,1,0,5,0.16666666666666666
background_N,Prochlorococcus MIT9313,PMT_1130,6,0,0,6,0.0
background_N,Prochlorococcus MIT9313,PMT_2119,6,0,1,5,0.16666666666666666
background_N,Prochlorococcus MIT9313,PMT_2147,6,0,0,6,0.0
