locus_tag,n_tested,n_up,pct_up
PMM0001,3,1,33.333333333333336
PMM0002,3,0,0.0
PMM0003,3,1,33.333333333333336
PMM0004,3,1,33.333333333333336
PMM0005,3,1,33.333333333333336
PMM0006,3,1,33.333333333333336
PMM0007,2,1,50.0
PMM0008,3,0,0.0
PMM0009,3,0,0.0
PMM0010,3,0,0.0
PMM0011,3,0,0.0
PMM0012,3,1,33.333333333333336
PMM0013,3,0,0.0
PMM0014,3,1,33.333333333333336
PMM0015,3,0,0.0
PMM0016,3,0,0.0
PMM0017,3,0,0.0
PMM0018,2,0,0.0
PMM0019,3,1,33.333333333333336
PMM0020,3,0,0.0
PMM0021,3,0,0.0
PMM0022,3,0,0.0
PMM0023,3,0,0.0
PMM0024,3,0,0.0
PMM0025,3,0,0.0
PMM0026,3,0,0.0
PMM0027,3,0,0.0
PMM0028,3,1,33.333333333333336
PMM0029,3,0,0.0
PMM0030,2,2,100.0
PMM0031,2,0,0.0
PMM0032,3,2,66.66666666666667
PMM0033,3,2,66.66666666666667
PMM0034,2,0,0.0
PMM0035,3,3,100.0
PMM0036,3,0,0.0
PMM0037,3,1,33.333333333333336
PMM0038,3,0,0.0
PMM0039,3,0,0.0
PMM0040,3,0,0.0
PMM0041,3,0,0.0
PMM0042,3,0,0.0
PMM0043,3,0,0.0
PMM0044,3,0,0.0
PMM0045,3,1,33.333333333333336
PMM0046,3,0,0.0
PMM0048,3,0,0.0
PMM0049,3,0,0.0
PMM0050,3,1,33.333333333333336
PMM0051,3,0,0.0
PMM0052,3,0,0.0
PMM0053,3,1,33.333333333333336
PMM0054,3,0,0.0
PMM0055,3,1,33.333333333333336
PMM0056,2,0,0.0
PMM0057,3,0,0.0
PMM0058,3,1,33.333333333333336
PMM0059,3,0,0.0
PMM0060,3,0,0.0
PMM0061,3,0,0.0
PMM0062,1,0,0.0
PMM0063,3,0,0.0
PMM0064,2,0,0.0
PMM0065,3,0,0.0
PMM0066,2,0,0.0
PMM0067,3,1,33.333333333333336
PMM0068,3,0,0.0
PMM0069,3,0,0.0
PMM0070,3,0,0.0
PMM0071,3,0,0.0
PMM0072,3,1,33.333333333333336
PMM0073,3,1,33.333333333333336
PMM0074,3,0,0.0
PMM0075,3,2,66.66666666666667
PMM0076,3,0,0.0
PMM0077,3,0,0.0
PMM0078,3,0,0.0
PMM0079,3,0,0.0
PMM0080,3,0,0.0
PMM0081,3,0,0.0
PMM0082,3,0,0.0
PMM0083,3,0,0.0
PMM0084,3,1,33.333333333333336
PMM0085,3,0,0.0
PMM0086,2,2,100.0
PMM0087,2,2,100.0
PMM0088,3,1,33.333333333333336
PMM0089,3,1,33.333333333333336
PMM0090,3,1,33.333333333333336
PMM0091,3,1,33.333333333333336
PMM0092,3,0,0.0
PMM0093,3,0,0.0
PMM0094,2,0,0.0
PMM0095,3,0,0.0
PMM0096,3,0,0.0
PMM0097,3,0,0.0
PMM0098,3,0,0.0
PMM0099,3,1,33.333333333333336
PMM0101,3,0,0.0
PMM0102,3,0,0.0
PMM0103,3,1,33.333333333333336
PMM0104,3,0,0.0
PMM0105,3,0,0.0
PMM0106,3,0,0.0
PMM0107,3,0,0.0
PMM0108,3,0,0.0
PMM0109,3,0,0.0
PMM0110,3,0,0.0
PMM0111,2,0,0.0
PMM0112,3,0,0.0
PMM0113,3,0,0.0
PMM0114,3,1,33.333333333333336
PMM0115,3,1,33.333333333333336
PMM0116,3,0,0.0
PMM0117,3,0,0.0
PMM0118,3,0,0.0
PMM0119,2,1,50.0
PMM0120,3,2,66.66666666666667
PMM0121,3,0,0.0
PMM0122,3,1,33.333333333333336
PMM0123,3,1,33.333333333333336
PMM0124,3,0,0.0
PMM0125,3,0,0.0
PMM0126,3,0,0.0
PMM0127,3,0,0.0
PMM0128,3,0,0.0
PMM0129,3,0,0.0
PMM0130,3,0,0.0
PMM0131,3,0,0.0
PMM0132,3,0,0.0
PMM0133,3,0,0.0
PMM0134,3,0,0.0
PMM0135,3,0,0.0
PMM0136,3,0,0.0
PMM0137,3,0,0.0
PMM0138,3,0,0.0
PMM0139,3,0,0.0
PMM0140,2,0,0.0
PMM0141,3,0,0.0
PMM0142,3,0,0.0
PMM0143,3,1,33.333333333333336
PMM0144,3,0,0.0
PMM0145,3,1,33.333333333333336
PMM0146,3,0,0.0
PMM0147,3,1,33.333333333333336
PMM0148,3,0,0.0
PMM0149,3,1,33.333333333333336
PMM0150,3,2,66.66666666666667
PMM0151,2,1,50.0
PMM0152,3,0,0.0
PMM0153,3,0,0.0
PMM0154,3,0,0.0
PMM0155,2,0,0.0
PMM0156,3,0,0.0
PMM0157,2,1,50.0
PMM0158,3,1,33.333333333333336
PMM0159,3,2,66.66666666666667
PMM0160,3,1,33.333333333333336
PMM0161,3,0,0.0
PMM0162,3,0,0.0
PMM0163,2,0,0.0
PMM0164,3,1,33.333333333333336
PMM0165,3,0,0.0
PMM0166,3,0,0.0
PMM0167,3,0,0.0
PMM0168,3,0,0.0
PMM0169,3,1,33.333333333333336
PMM0170,3,2,66.66666666666667
PMM0171,3,0,0.0
PMM0172,3,0,0.0
PMM0173,3,1,33.333333333333336
PMM0174,3,0,0.0
PMM0175,3,0,0.0
PMM0176,3,0,0.0
PMM0177,3,0,0.0
PMM0178,3,0,0.0
PMM0179,3,0,0.0
PMM0180,3,0,0.0
PMM0181,3,0,0.0
PMM0182,2,0,0.0
PMM0183,2,1,50.0
PMM0184,3,0,0.0
PMM0185,3,1,33.333333333333336
PMM0186,3,0,0.0
PMM0187,3,0,0.0
PMM0188,3,0,0.0
PMM0189,3,0,0.0
PMM0190,2,0,0.0
PMM0191,3,1,33.333333333333336
PMM0192,3,0,0.0
PMM0193,3,0,0.0
PMM0194,3,1,33.333333333333336
PMM0195,3,0,0.0
PMM0196,3,0,0.0
PMM0197,3,0,0.0
PMM0198,3,1,33.333333333333336
PMM0199,3,0,0.0
PMM0200,3,0,0.0
PMM0201,3,0,0.0
PMM0202,3,0,0.0
PMM0203,3,0,0.0
PMM0204,3,0,0.0
PMM0205,3,0,0.0
PMM0206,3,0,0.0
PMM0207,3,0,0.0
PMM0208,3,0,0.0
PMM0209,3,0,0.0
PMM0210,3,1,33.333333333333336
PMM0211,3,0,0.0
PMM0212,3,0,0.0
PMM0213,3,0,0.0
PMM0214,3,0,0.0
PMM0215,3,0,0.0
PMM0216,3,0,0.0
PMM0217,3,0,0.0
PMM0218,3,0,0.0
PMM0219,1,0,0.0
PMM0220,2,2,100.0
PMM0221,3,0,0.0
PMM0222,3,0,0.0
PMM0223,3,1,33.333333333333336
PMM0224,3,1,33.333333333333336
PMM0225,2,0,0.0
PMM0226,3,0,0.0
PMM0227,3,0,0.0
PMM0228,3,0,0.0
PMM0229,3,0,0.0
PMM0230,1,0,0.0
PMM0231,3,0,0.0
PMM0232,2,0,0.0
PMM0233,3,0,0.0
PMM0234,2,0,0.0
PMM0235,3,1,33.333333333333336
PMM0236,3,1,33.333333333333336
PMM0237,3,2,66.66666666666667
PMM0238,3,0,0.0
PMM0239,3,0,0.0
PMM0240,3,0,0.0
PMM0241,3,1,33.333333333333336
PMM0242,3,0,0.0
PMM0243,3,2,66.66666666666667
PMM0244,3,2,66.66666666666667
PMM0245,2,2,100.0
PMM0247,3,1,33.333333333333336
PMM0248,3,0,0.0
PMM0249,2,0,0.0
PMM0250,3,0,0.0
PMM0251,3,0,0.0
PMM0252,2,0,0.0
PMM0253,2,0,0.0
PMM0254,3,0,0.0
PMM0255,3,0,0.0
PMM0256,3,0,0.0
PMM0257,3,1,33.333333333333336
PMM0258,3,1,33.333333333333336
PMM0259,2,0,0.0
PMM0260,3,0,0.0
PMM0261,3,0,0.0
PMM0262,3,1,33.333333333333336
PMM0264,3,1,33.333333333333336
PMM0265,3,0,0.0
PMM0266,3,0,0.0
PMM0267,3,0,0.0
PMM0268,2,1,50.0
PMM0269,3,0,0.0
PMM0270,3,0,0.0
PMM0271,3,1,33.333333333333336
PMM0272,2,0,0.0
PMM0273,3,0,0.0
PMM0274,3,0,0.0
PMM0275,3,0,0.0
PMM0276,3,0,0.0
PMM0277,3,1,33.333333333333336
PMM0278,3,0,0.0
PMM0279,3,0,0.0
PMM0280,3,0,0.0
PMM0281,3,0,0.0
PMM0282,3,0,0.0
PMM0283,3,0,0.0
PMM0284,3,0,0.0
PMM0285,3,0,0.0
PMM0286,3,0,0.0
PMM0287,3,0,0.0
PMM0288,3,0,0.0
PMM0289,3,0,0.0
PMM0290,3,0,0.0
PMM0291,3,0,0.0
PMM0292,3,0,0.0
PMM0293,3,1,33.333333333333336
PMM0294,2,2,100.0
PMM0295,3,0,0.0
PMM0296,3,0,0.0
PMM0297,3,0,0.0
PMM0298,3,0,0.0
PMM0299,2,0,0.0
PMM0300,3,0,0.0
PMM0301,3,1,33.333333333333336
PMM0302,3,0,0.0
PMM0303,3,0,0.0
PMM0304,3,0,0.0
PMM0305,3,1,33.333333333333336
PMM0306,3,0,0.0
PMM0307,2,0,0.0
PMM0308,2,0,0.0
PMM0309,3,1,33.333333333333336
PMM0310,3,0,0.0
PMM0311,3,0,0.0
PMM0312,3,0,0.0
PMM0313,3,0,0.0
PMM0314,2,0,0.0
PMM0315,3,0,0.0
PMM0316,3,0,0.0
PMM0317,3,0,0.0
PMM0318,3,0,0.0
PMM0319,3,0,0.0
PMM0320,3,0,0.0
PMM0321,3,1,33.333333333333336
PMM0322,3,0,0.0
PMM0323,3,0,0.0
PMM0324,3,0,0.0
PMM0325,3,0,0.0
PMM0326,3,0,0.0
PMM0327,3,1,33.333333333333336
PMM0328,3,0,0.0
PMM0329,3,0,0.0
PMM0330,3,0,0.0
PMM0331,3,0,0.0
PMM0332,2,0,0.0
PMM0333,3,1,33.333333333333336
PMM0334,2,2,100.0
PMM0335,2,0,0.0
PMM0336,3,3,100.0
PMM0337,2,2,100.0
PMM0338,3,1,33.333333333333336
PMM0339,3,1,33.333333333333336
PMM0340,3,0,0.0
PMM0341,3,1,33.333333333333336
PMM0342,2,1,50.0
PMM0343,3,2,66.66666666666667
PMM0344,3,0,0.0
PMM0345,3,0,0.0
PMM0346,3,0,0.0
PMM0347,2,1,50.0
PMM0348,3,1,33.333333333333336
PMM0349,2,1,50.0
PMM0350,2,0,0.0
PMM0351,3,1,33.333333333333336
PMM0352,2,0,0.0
PMM0353,3,0,0.0
PMM0354,2,0,0.0
PMM0355,3,0,0.0
PMM0356,3,0,0.0
PMM0357,2,0,0.0
PMM0358,2,0,0.0
PMM0359,2,2,100.0
PMM0360,2,2,100.0
PMM0361,3,1,33.333333333333336
PMM0362,2,0,0.0
PMM0363,3,2,66.66666666666667
PMM0364,3,2,66.66666666666667
PMM0365,3,3,100.0
PMM0366,3,0,0.0
PMM0367,3,0,0.0
PMM0368,3,3,100.0
PMM0369,2,1,50.0
PMM0374,2,2,100.0
PMM0375,2,0,0.0
PMM0376,3,0,0.0
PMM0377,3,0,0.0
PMM0378,3,1,33.333333333333336
PMM0379,3,0,0.0
PMM0380,3,0,0.0
PMM0381,2,0,0.0
PMM0382,3,0,0.0
PMM0383,3,1,33.333333333333336
PMM0384,3,0,0.0
PMM0386,3,0,0.0
PMM0387,3,1,33.333333333333336
PMM0388,3,0,0.0
PMM0389,3,0,0.0
PMM0390,3,0,0.0
PMM0391,3,1,33.333333333333336
PMM0392,3,0,0.0
PMM0394,3,0,0.0
PMM0395,3,1,33.333333333333336
PMM0396,3,0,0.0
PMM0397,3,0,0.0
PMM0398,3,0,0.0
PMM0399,3,0,0.0
PMM0400,3,0,0.0
PMM0401,3,0,0.0
PMM0402,3,0,0.0
PMM0403,3,0,0.0
PMM0404,2,0,0.0
PMM0405,3,0,0.0
PMM0406,3,0,0.0
PMM0407,3,0,0.0
PMM0408,3,0,0.0
PMM0409,3,0,0.0
PMM0410,3,0,0.0
PMM0411,2,0,0.0
PMM0412,3,0,0.0
PMM0413,3,0,0.0
PMM0414,3,0,0.0
PMM0415,3,0,0.0
PMM0416,3,0,0.0
PMM0417,2,0,0.0
PMM0418,3,0,0.0
PMM0419,3,1,33.333333333333336
PMM0420,3,1,33.333333333333336
PMM0421,3,0,0.0
PMM0422,3,1,33.333333333333336
PMM0423,2,0,0.0
PMM0424,2,0,0.0
PMM0425,3,0,0.0
PMM0426,3,1,33.333333333333336
PMM0427,3,0,0.0
PMM0428,3,0,0.0
PMM0429,2,0,0.0
PMM0430,3,0,0.0
PMM0431,3,0,0.0
PMM0432,2,2,100.0
PMM0433,3,1,33.333333333333336
PMM0434,3,0,0.0
PMM0435,3,0,0.0
PMM0436,3,0,0.0
PMM0437,3,0,0.0
PMM0438,3,0,0.0
PMM0439,3,0,0.0
PMM0440,3,0,0.0
PMM0441,3,0,0.0
PMM0442,3,0,0.0
PMM0443,3,2,66.66666666666667
PMM0444,2,1,50.0
PMM0445,3,2,66.66666666666667
PMM0446,3,2,66.66666666666667
PMM0447,2,2,100.0
PMM0448,3,2,66.66666666666667
PMM0449,3,1,33.333333333333336
PMM0450,3,1,33.333333333333336
PMM0451,2,1,50.0
PMM0452,3,0,0.0
PMM0453,3,0,0.0
PMM0454,3,0,0.0
PMM0455,3,1,33.333333333333336
PMM0456,2,1,50.0
PMM0457,3,0,0.0
PMM0458,3,1,33.333333333333336
PMM0459,3,0,0.0
PMM0460,2,0,0.0
PMM0461,3,0,0.0
PMM0462,3,0,0.0
PMM0463,3,1,33.333333333333336
PMM0464,2,0,0.0
PMM0465,3,0,0.0
PMM0466,3,0,0.0
PMM0467,3,0,0.0
PMM0468,3,0,0.0
PMM0469,3,0,0.0
PMM0470,3,0,0.0
PMM0471,2,0,0.0
PMM0472,3,0,0.0
PMM0473,3,0,0.0
PMM0474,3,0,0.0
PMM0475,3,0,0.0
PMM0476,3,0,0.0
PMM0477,3,0,0.0
PMM0478,3,0,0.0
PMM0479,3,0,0.0
PMM0480,3,1,33.333333333333336
PMM0481,3,0,0.0
PMM0482,3,0,0.0
PMM0483,3,0,0.0
PMM0484,3,0,0.0
PMM0485,2,0,0.0
PMM0486,3,0,0.0
PMM0487,3,0,0.0
PMM0488,3,0,0.0
PMM0489,3,0,0.0
PMM0490,3,0,0.0
PMM0491,3,0,0.0
PMM0492,3,0,0.0
PMM0493,3,1,33.333333333333336
PMM0494,3,0,0.0
PMM0495,3,0,0.0
PMM0496,3,0,0.0
PMM0497,3,0,0.0
PMM0498,3,0,0.0
PMM0499,3,0,0.0
PMM0500,3,0,0.0
PMM0501,2,0,0.0
PMM0502,3,1,33.333333333333336
PMM0503,3,0,0.0
PMM0504,2,0,0.0
PMM0505,3,0,0.0
PMM0506,3,0,0.0
PMM0507,3,0,0.0
PMM0508,3,0,0.0
PMM0509,3,2,66.66666666666667
PMM0510,2,0,0.0
PMM0511,3,0,0.0
PMM0512,3,0,0.0
PMM0513,3,0,0.0
PMM0514,3,0,0.0
PMM0515,3,0,0.0
PMM0516,3,0,0.0
PMM0517,2,0,0.0
PMM0518,3,0,0.0
PMM0519,3,1,33.333333333333336
PMM0520,3,0,0.0
PMM0521,3,0,0.0
PMM0522,3,0,0.0
PMM0523,3,1,33.333333333333336
PMM0524,3,1,33.333333333333336
PMM0525,3,0,0.0
PMM0526,3,0,0.0
PMM0527,3,0,0.0
PMM0528,3,0,0.0
PMM0529,3,0,0.0
PMM0530,3,0,0.0
PMM0531,3,0,0.0
PMM0532,3,0,0.0
PMM0533,3,0,0.0
PMM0534,3,0,0.0
PMM0535,3,0,0.0
PMM0536,3,0,0.0
PMM0537,3,1,33.333333333333336
PMM0538,3,1,33.333333333333336
PMM0539,3,1,33.333333333333336
PMM0540,2,0,0.0
PMM0541,2,0,0.0
PMM0542,3,0,0.0
PMM0543,3,0,0.0
PMM0544,3,1,33.333333333333336
PMM0545,3,0,0.0
PMM0546,3,0,0.0
PMM0547,3,0,0.0
PMM0548,3,1,33.333333333333336
PMM0549,3,0,0.0
PMM0550,3,0,0.0
PMM0551,3,0,0.0
PMM0552,3,0,0.0
PMM0553,3,0,0.0
PMM0554,3,0,0.0
PMM0555,3,0,0.0
PMM0556,3,0,0.0
PMM0557,3,0,0.0
PMM0558,3,0,0.0
PMM0559,3,0,0.0
PMM0560,3,0,0.0
PMM0561,3,0,0.0
PMM0562,2,0,0.0
PMM0563,3,0,0.0
PMM0564,3,0,0.0
PMM0565,3,1,33.333333333333336
PMM0566,3,0,0.0
PMM0567,3,0,0.0
PMM0568,3,1,33.333333333333336
PMM0569,3,0,0.0
PMM0570,2,1,50.0
PMM0571,2,0,0.0
PMM0572,3,0,0.0
PMM0573,1,0,0.0
PMM0574,3,0,0.0
PMM0575,3,0,0.0
PMM0576,3,0,0.0
PMM0577,3,0,0.0
PMM0578,3,0,0.0
PMM0579,3,0,0.0
PMM0580,3,0,0.0
PMM0581,3,0,0.0
PMM0582,3,0,0.0
PMM0583,3,0,0.0
PMM0584,3,0,0.0
PMM0585,3,0,0.0
PMM0586,3,0,0.0
PMM0587,3,0,0.0
PMM0588,3,0,0.0
PMM0589,3,0,0.0
PMM0590,3,0,0.0
PMM0591,3,0,0.0
PMM0592,2,0,0.0
PMM0593,3,0,0.0
PMM0594,3,0,0.0
PMM0595,3,0,0.0
PMM0596,3,0,0.0
PMM0597,3,0,0.0
PMM0598,3,0,0.0
PMM0599,3,0,0.0
PMM0600,3,0,0.0
PMM0601,3,0,0.0
PMM0602,3,0,0.0
PMM0603,2,0,0.0
PMM0604,3,0,0.0
PMM0605,3,0,0.0
PMM0606,3,0,0.0
PMM0607,3,0,0.0
PMM0608,3,0,0.0
PMM0609,3,0,0.0
PMM0610,3,0,0.0
PMM0611,3,2,66.66666666666667
PMM0612,3,0,0.0
PMM0613,3,0,0.0
PMM0614,3,1,33.333333333333336
PMM0615,3,0,0.0
PMM0616,3,0,0.0
PMM0617,2,1,50.0
PMM0618,3,1,33.333333333333336
PMM0619,3,0,0.0
PMM0620,3,0,0.0
PMM0621,3,0,0.0
PMM0622,3,0,0.0
PMM0623,3,0,0.0
PMM0624,1,0,0.0
PMM0625,2,0,0.0
PMM0626,2,1,50.0
PMM0627,3,0,0.0
PMM0628,3,0,0.0
PMM0629,2,0,0.0
PMM0630,3,0,0.0
PMM0631,3,0,0.0
PMM0632,3,0,0.0
PMM0633,3,0,0.0
PMM0634,3,0,0.0
PMM0635,3,2,66.66666666666667
PMM0636,3,0,0.0
PMM0637,3,2,66.66666666666667
PMM0638,3,1,33.333333333333336
PMM0639,3,0,0.0
PMM0640,3,0,0.0
PMM0641,3,0,0.0
PMM0642,3,0,0.0
PMM0643,3,0,0.0
PMM0644,3,0,0.0
PMM0645,3,0,0.0
PMM0646,3,1,33.333333333333336
PMM0647,2,0,0.0
PMM0648,3,0,0.0
PMM0649,3,0,0.0
PMM0650,2,1,50.0
PMM0651,3,1,33.333333333333336
PMM0652,2,0,0.0
PMM0653,3,0,0.0
PMM0654,2,0,0.0
PMM0655,2,0,0.0
PMM0656,2,1,50.0
PMM0657,3,0,0.0
PMM0658,3,0,0.0
PMM0659,2,0,0.0
PMM0660,3,1,33.333333333333336
PMM0661,3,1,33.333333333333336
PMM0662,3,0,0.0
PMM0663,3,0,0.0
PMM0664,3,1,33.333333333333336
PMM0665,3,0,0.0
PMM0666,3,0,0.0
PMM0667,3,1,33.333333333333336
PMM0668,3,0,0.0
PMM0669,3,0,0.0
PMM0670,3,1,33.333333333333336
PMM0674,3,0,0.0
PMM0675,3,0,0.0
PMM0676,3,0,0.0
PMM0677,3,0,0.0
PMM0678,3,0,0.0
PMM0679,3,0,0.0
PMM0680,3,0,0.0
PMM0681,3,0,0.0
PMM0682,3,0,0.0
PMM0683,3,1,33.333333333333336
PMM0684,2,1,50.0
PMM0685,1,1,100.0
PMM0686,1,0,0.0
PMM0687,2,2,100.0
PMM0688,3,0,0.0
PMM0689,2,2,100.0
PMM0690,2,2,100.0
PMM0691,2,0,0.0
PMM0692,2,0,0.0
PMM0693,2,1,50.0
PMM0694,3,0,0.0
PMM0695,3,1,33.333333333333336
PMM0696,2,0,0.0
PMM0697,3,1,33.333333333333336
PMM0698,2,1,50.0
PMM0699,2,0,0.0
PMM0700,2,0,0.0
PMM0701,2,0,0.0
PMM0702,2,0,0.0
PMM0703,2,0,0.0
PMM0704,3,2,66.66666666666667
PMM0707,2,1,50.0
PMM0708,3,0,0.0
PMM0709,3,1,33.333333333333336
PMM0712,3,0,0.0
PMM0715,3,1,33.333333333333336
PMM0716,2,0,0.0
PMM0717,2,0,0.0
PMM0718,2,0,0.0
PMM0719,3,3,100.0
PMM0720,2,0,0.0
PMM0721,3,1,33.333333333333336
PMM0722,3,0,0.0
PMM0726,2,2,100.0
PMM0727,3,0,0.0
PMM0728,2,0,0.0
PMM0729,2,1,50.0
PMM0730,2,1,50.0
PMM0731,2,1,50.0
PMM0732,3,0,0.0
PMM0733,3,1,33.333333333333336
PMM0734,3,0,0.0
PMM0735,3,0,0.0
PMM0736,3,1,33.333333333333336
PMM0737,3,2,66.66666666666667
PMM0738,3,1,33.333333333333336
PMM0739,2,1,50.0
PMM0740,2,0,0.0
PMM0741,3,0,0.0
PMM0742,3,2,66.66666666666667
PMM0743,3,0,0.0
PMM0744,3,0,0.0
PMM0745,3,0,0.0
PMM0746,3,1,33.333333333333336
PMM0747,3,0,0.0
PMM0748,3,0,0.0
PMM0749,3,0,0.0
PMM0750,3,1,33.333333333333336
PMM0751,2,0,0.0
PMM0752,3,0,0.0
PMM0753,3,1,33.333333333333336
PMM0754,3,0,0.0
PMM0755,2,0,0.0
PMM0756,3,0,0.0
PMM0757,3,0,0.0
PMM0758,3,1,33.333333333333336
PMM0759,3,0,0.0
PMM0760,3,0,0.0
PMM0761,3,1,33.333333333333336
PMM0762,3,0,0.0
PMM0763,2,0,0.0
PMM0764,3,0,0.0
PMM0765,3,0,0.0
PMM0766,3,0,0.0
PMM0767,3,0,0.0
PMM0768,3,0,0.0
PMM0769,3,0,0.0
PMM0770,3,2,66.66666666666667
PMM0771,3,1,33.333333333333336
PMM0772,3,1,33.333333333333336
PMM0773,3,1,33.333333333333336
PMM0774,3,0,0.0
PMM0775,3,1,33.333333333333336
PMM0776,3,0,0.0
PMM0777,3,0,0.0
PMM0778,3,1,33.333333333333336
PMM0779,3,1,33.333333333333336
PMM0780,3,1,33.333333333333336
PMM0781,3,0,0.0
PMM0782,3,0,0.0
PMM0783,3,0,0.0
PMM0784,3,0,0.0
PMM0785,3,0,0.0
PMM0786,3,0,0.0
PMM0787,3,0,0.0
PMM0788,3,0,0.0
PMM0789,3,0,0.0
PMM0790,3,0,0.0
PMM0791,2,0,0.0
PMM0792,3,0,0.0
PMM0793,3,0,0.0
PMM0794,3,1,33.333333333333336
PMM0795,3,1,33.333333333333336
PMM0796,3,0,0.0
PMM0797,3,0,0.0
PMM0798,3,0,0.0
PMM0799,3,0,0.0
PMM0800,2,0,0.0
PMM0801,3,0,0.0
PMM0802,3,0,0.0
PMM0803,3,0,0.0
PMM0804,3,1,33.333333333333336
PMM0805,2,0,0.0
PMM0806,3,1,33.333333333333336
PMM0807,3,0,0.0
PMM0808,3,0,0.0
PMM0809,2,0,0.0
PMM0810,3,2,66.66666666666667
PMM0811,2,0,0.0
PMM0812,2,0,0.0
PMM0813,3,0,0.0
PMM0814,2,0,0.0
PMM0817,1,0,0.0
PMM0818,1,0,0.0
PMM0819,2,2,100.0
PMM0820,2,0,0.0
PMM0821,3,0,0.0
PMM0822,2,0,0.0
PMM0823,3,0,0.0
PMM0824,3,0,0.0
PMM0825,3,0,0.0
PMM0826,3,0,0.0
PMM0827,3,0,0.0
PMM0828,3,1,33.333333333333336
PMM0829,3,0,0.0
PMM0830,3,0,0.0
PMM0831,3,0,0.0
PMM0832,3,0,0.0
PMM0833,3,0,0.0
PMM0834,3,0,0.0
PMM0835,2,0,0.0
PMM0836,3,0,0.0
PMM0837,3,0,0.0
PMM0838,1,0,0.0
PMM0839,3,0,0.0
PMM0840,3,1,33.333333333333336
PMM0841,3,0,0.0
PMM0842,3,0,0.0
PMM0843,3,0,0.0
PMM0844,3,0,0.0
PMM0845,3,0,0.0
PMM0846,3,0,0.0
PMM0847,3,0,0.0
PMM0848,2,0,0.0
PMM0849,2,1,50.0
PMM0850,2,1,50.0
PMM0851,3,0,0.0
PMM0852,3,0,0.0
PMM0853,3,0,0.0
PMM0854,3,0,0.0
PMM0855,1,0,0.0
PMM0856,3,0,0.0
PMM0857,2,0,0.0
PMM0858,3,2,66.66666666666667
PMM0859,2,0,0.0
PMM0860,2,0,0.0
PMM0861,2,0,0.0
PMM0862,3,0,0.0
PMM0863,3,0,0.0
PMM0864,3,0,0.0
PMM0865,3,0,0.0
PMM0866,3,0,0.0
PMM0867,3,0,0.0
PMM0868,3,0,0.0
PMM0869,3,0,0.0
PMM0870,3,0,0.0
PMM0871,3,0,0.0
PMM0872,2,0,0.0
PMM0873,3,1,33.333333333333336
PMM0874,3,0,0.0
PMM0875,3,0,0.0
PMM0876,3,0,0.0
PMM0877,3,0,0.0
PMM0878,3,0,0.0
PMM0879,3,0,0.0
PMM0880,3,0,0.0
PMM0881,3,0,0.0
PMM0882,3,0,0.0
PMM0883,3,1,33.333333333333336
PMM0884,3,0,0.0
PMM0885,3,0,0.0
PMM0886,3,0,0.0
PMM0887,3,0,0.0
PMM0888,3,0,0.0
PMM0889,3,0,0.0
PMM0890,3,0,0.0
PMM0891,3,0,0.0
PMM0892,3,0,0.0
PMM0893,3,0,0.0
PMM0894,3,0,0.0
PMM0895,3,0,0.0
PMM0896,3,0,0.0
PMM0897,3,1,33.333333333333336
PMM0898,2,0,0.0
PMM0899,3,1,33.333333333333336
PMM0900,3,0,0.0
PMM0901,3,0,0.0
PMM0902,3,0,0.0
PMM0903,3,0,0.0
PMM0904,2,1,50.0
PMM0905,2,0,0.0
PMM0906,2,0,0.0
PMM0907,3,0,0.0
PMM0909,3,0,0.0
PMM0910,2,0,0.0
PMM0911,3,1,33.333333333333336
PMM0912,3,0,0.0
PMM0913,3,0,0.0
PMM0914,3,0,0.0
PMM0915,3,0,0.0
PMM0916,3,0,0.0
PMM0917,3,0,0.0
PMM0918,3,0,0.0
PMM0919,3,0,0.0
PMM0921,3,0,0.0
PMM0922,3,0,0.0
PMM0923,2,0,0.0
PMM0924,3,0,0.0
PMM0925,3,0,0.0
PMM0926,3,0,0.0
PMM0927,3,0,0.0
PMM0928,3,0,0.0
PMM0929,3,0,0.0
PMM0930,3,0,0.0
PMM0931,2,0,0.0
PMM0932,3,0,0.0
PMM0933,3,0,0.0
PMM0934,2,0,0.0
PMM0935,3,0,0.0
PMM0936,2,1,50.0
PMM0937,2,1,50.0
PMM0938,3,1,33.333333333333336
PMM0939,3,0,0.0
PMM0940,2,0,0.0
PMM0941,3,0,0.0
PMM0942,3,0,0.0
PMM0943,3,0,0.0
PMM0944,3,0,0.0
PMM0945,3,1,33.333333333333336
PMM0946,3,0,0.0
PMM0947,3,0,0.0
PMM0948,3,0,0.0
PMM0949,2,0,0.0
PMM0950,3,0,0.0
PMM0951,3,0,0.0
PMM0952,3,0,0.0
PMM0953,3,0,0.0
PMM0954,3,0,0.0
PMM0955,3,0,0.0
PMM0956,3,0,0.0
PMM0957,3,2,66.66666666666667
PMM0958,3,3,100.0
PMM0959,3,0,0.0
PMM0960,3,0,0.0
PMM0961,3,2,66.66666666666667
PMM0962,3,0,0.0
PMM0975,3,1,33.333333333333336
PMM0976,3,0,0.0
PMM0977,2,0,0.0
PMM0978,2,0,0.0
PMM0979,2,0,0.0
PMM0980,3,1,33.333333333333336
PMM0981,2,1,50.0
PMM0982,3,1,33.333333333333336
PMM0983,3,0,0.0
PMM0984,2,1,50.0
PMM0985,3,0,0.0
PMM0986,3,0,0.0
PMM0987,3,0,0.0
PMM0988,3,0,0.0
PMM0989,3,0,0.0
PMM0990,3,1,33.333333333333336
PMM0991,2,1,50.0
PMM0992,3,0,0.0
PMM0993,3,0,0.0
PMM0994,2,0,0.0
PMM0995,1,0,0.0
PMM0996,3,2,66.66666666666667
PMM0997,2,0,0.0
PMM0998,3,1,33.333333333333336
PMM0999,2,0,0.0
PMM1000,2,0,0.0
PMM1001,3,0,0.0
PMM1002,3,0,0.0
PMM1003,2,0,0.0
PMM1004,3,0,0.0
PMM1005,2,0,0.0
PMM1006,3,0,0.0
PMM1007,3,0,0.0
PMM1008,2,0,0.0
PMM1009,2,1,50.0
PMM1010,3,0,0.0
PMM1011,2,0,0.0
PMM1012,3,0,0.0
PMM1013,3,3,100.0
PMM1014,3,1,33.333333333333336
PMM1015,3,0,0.0
PMM1016,1,0,0.0
PMM1017,2,1,50.0
PMM1018,2,0,0.0
PMM1019,3,0,0.0
PMM1020,2,1,50.0
PMM1021,3,0,0.0
PMM1022,2,0,0.0
PMM1023,2,0,0.0
PMM1024,2,1,50.0
PMM1025,3,2,66.66666666666667
PMM1026,2,0,0.0
PMM1027,2,0,0.0
PMM1028,2,0,0.0
PMM1029,2,0,0.0
PMM1030,3,0,0.0
PMM1031,3,1,33.333333333333336
PMM1032,3,0,0.0
PMM1033,3,0,0.0
PMM1034,3,0,0.0
PMM1035,2,0,0.0
PMM1036,1,0,0.0
PMM1037,2,2,100.0
PMM1038,3,3,100.0
PMM1039,3,2,66.66666666666667
PMM1040,3,1,33.333333333333336
PMM1041,3,3,100.0
PMM1042,3,0,0.0
PMM1043,2,1,50.0
PMM1044,3,0,0.0
PMM1045,3,1,33.333333333333336
PMM1046,2,1,50.0
PMM1047,3,0,0.0
PMM1048,3,1,33.333333333333336
PMM1049,3,1,33.333333333333336
PMM1050,3,2,66.66666666666667
PMM1051,3,0,0.0
PMM1052,3,0,0.0
PMM1053,3,0,0.0
PMM1054,3,0,0.0
PMM1055,3,0,0.0
PMM1056,3,0,0.0
PMM1057,3,0,0.0
PMM1058,2,0,0.0
PMM1059,3,0,0.0
PMM1060,3,0,0.0
PMM1061,3,0,0.0
PMM1062,3,0,0.0
PMM1063,3,1,33.333333333333336
PMM1064,3,1,33.333333333333336
PMM1065,3,0,0.0
PMM1066,3,0,0.0
PMM1067,2,0,0.0
PMM1068,3,1,33.333333333333336
PMM1069,3,1,33.333333333333336
PMM1070,3,0,0.0
PMM1071,3,0,0.0
PMM1072,3,1,33.333333333333336
PMM1073,3,1,33.333333333333336
PMM1074,3,2,66.66666666666667
PMM1075,3,2,66.66666666666667
PMM1076,3,0,0.0
PMM1077,3,1,33.333333333333336
PMM1078,3,2,66.66666666666667
PMM1079,3,0,0.0
PMM1080,3,1,33.333333333333336
PMM1081,3,1,33.333333333333336
PMM1082,3,0,0.0
PMM1083,3,0,0.0
PMM1084,3,0,0.0
PMM1085,3,0,0.0
PMM1086,3,0,0.0
PMM1087,3,0,0.0
PMM1088,3,0,0.0
PMM1089,2,0,0.0
PMM1090,3,0,0.0
PMM1091,3,1,33.333333333333336
PMM1092,3,1,33.333333333333336
PMM1093,3,0,0.0
PMM1094,3,0,0.0
PMM1095,3,0,0.0
PMM1096,2,1,50.0
PMM1097,3,2,66.66666666666667
PMM1098,3,0,0.0
PMM1099,3,0,0.0
PMM1100,2,0,0.0
PMM1101,3,0,0.0
PMM1102,3,0,0.0
PMM1103,3,0,0.0
PMM1104,2,0,0.0
PMM1105,3,0,0.0
PMM1106,3,1,33.333333333333336
PMM1107,3,0,0.0
PMM1108,3,1,33.333333333333336
PMM1109,3,0,0.0
PMM1110,2,0,0.0
PMM1111,3,0,0.0
PMM1112,3,0,0.0
PMM1113,3,0,0.0
PMM1114,3,0,0.0
PMM1115,3,0,0.0
PMM1116,3,0,0.0
PMM1117,1,0,0.0
PMM1118,2,1,50.0
PMM1119,3,1,33.333333333333336
PMM1120,3,1,33.333333333333336
PMM1121,3,1,33.333333333333336
PMM1122,3,1,33.333333333333336
PMM1124,3,1,33.333333333333336
PMM1125,2,0,0.0
PMM1126,3,1,33.333333333333336
PMM1127,2,0,0.0
PMM1128,3,2,66.66666666666667
PMM1129,3,0,0.0
PMM1130,3,0,0.0
PMM1131,3,0,0.0
PMM1132,3,1,33.333333333333336
PMM1133,3,0,0.0
PMM1134,2,2,100.0
PMM1135,3,2,66.66666666666667
PMM1136,1,0,0.0
PMM1137,2,0,0.0
PMM1138,3,0,0.0
PMM1139,3,0,0.0
PMM1140,3,0,0.0
PMM1141,3,0,0.0
PMM1142,3,0,0.0
PMM1143,2,0,0.0
PMM1144,3,1,33.333333333333336
PMM1145,3,0,0.0
PMM1146,3,1,33.333333333333336
PMM1147,3,0,0.0
PMM1148,3,0,0.0
PMM1149,2,1,50.0
PMM1150,3,1,33.333333333333336
PMM1151,3,1,33.333333333333336
PMM1152,3,0,0.0
PMM1152a,1,0,0.0
PMM1153,3,0,0.0
PMM1154,3,2,66.66666666666667
PMM1155,2,1,50.0
PMM1156,3,0,0.0
PMM1157,3,0,0.0
PMM1158,3,0,0.0
PMM1159,3,0,0.0
PMM1160,3,0,0.0
PMM1161,2,0,0.0
PMM1162,3,0,0.0
PMM1163,3,0,0.0
PMM1164,3,0,0.0
PMM1165,3,0,0.0
PMM1166,3,0,0.0
PMM1167,3,0,0.0
PMM1168,3,0,0.0
PMM1169,3,1,33.333333333333336
PMM1170,3,0,0.0
PMM1171,3,0,0.0
PMM1172,3,0,0.0
PMM1173,2,0,0.0
PMM1174,3,0,0.0
PMM1175,3,0,0.0
PMM1176,2,0,0.0
PMM1177,3,0,0.0
PMM1178,3,1,33.333333333333336
PMM1179,2,0,0.0
PMM1180,3,0,0.0
PMM1181,3,0,0.0
PMM1182,3,0,0.0
PMM1183,2,0,0.0
PMM1184,2,0,0.0
PMM1185,3,0,0.0
PMM1186,3,0,0.0
PMM1187,3,0,0.0
PMM1188,3,0,0.0
PMM1189,3,0,0.0
PMM1190,3,0,0.0
PMM1191,3,0,0.0
PMM1192,3,0,0.0
PMM1193,3,0,0.0
PMM1194,1,0,0.0
PMM1195,3,0,0.0
PMM1196,3,0,0.0
PMM1197,3,0,0.0
PMM1198,3,0,0.0
PMM1199,3,0,0.0
PMM1200,3,0,0.0
PMM1201,3,1,33.333333333333336
PMM1202,3,0,0.0
PMM1203,3,0,0.0
PMM1204,3,0,0.0
PMM1205,3,1,33.333333333333336
PMM1206,3,0,0.0
PMM1207,3,0,0.0
PMM1208,3,1,33.333333333333336
PMM1209,3,1,33.333333333333336
PMM1210,3,0,0.0
PMM1211,2,1,50.0
PMM1212,3,0,0.0
PMM1213,3,0,0.0
PMM1214,3,1,33.333333333333336
PMM1215,3,1,33.333333333333336
PMM1216,3,0,0.0
PMM1217,3,0,0.0
PMM1218,3,0,0.0
PMM1219,3,0,0.0
PMM1220,3,0,0.0
PMM1221,3,1,33.333333333333336
PMM1222,3,0,0.0
PMM1223,3,1,33.333333333333336
PMM1224,3,0,0.0
PMM1225,3,0,0.0
PMM1226,3,0,0.0
PMM1227,3,0,0.0
PMM1228,3,0,0.0
PMM1229,3,0,0.0
PMM1230,3,0,0.0
PMM1231,3,0,0.0
PMM1232,3,0,0.0
PMM1233,3,0,0.0
PMM1234,3,0,0.0
PMM1235,3,0,0.0
PMM1236,3,0,0.0
PMM1237,3,0,0.0
PMM1238,3,1,33.333333333333336
PMM1239,3,1,33.333333333333336
PMM1240,3,0,0.0
PMM1241,3,0,0.0
PMM1242,3,0,0.0
PMM1243,3,0,0.0
PMM1244,2,0,0.0
PMM1245,1,0,0.0
PMM1246,3,1,33.333333333333336
PMM1247,3,0,0.0
PMM1248,2,1,50.0
PMM1249,2,1,50.0
PMM1250,3,0,0.0
PMM1251,3,0,0.0
PMM1252,2,0,0.0
PMM1253,3,1,33.333333333333336
PMM1254,3,0,0.0
PMM1255,3,0,0.0
PMM1256,3,0,0.0
PMM1257,3,0,0.0
PMM1258,3,0,0.0
PMM1259,3,0,0.0
PMM1260,3,0,0.0
PMM1261,3,0,0.0
PMM1262,3,1,33.333333333333336
PMM1263,3,0,0.0
PMM1264,3,0,0.0
PMM1265,3,0,0.0
PMM1266,3,0,0.0
PMM1267,3,1,33.333333333333336
PMM1268,3,0,0.0
PMM1269,3,0,0.0
PMM1270,3,0,0.0
PMM1271,3,0,0.0
PMM1272,3,0,0.0
PMM1273,3,0,0.0
PMM1274,3,0,0.0
PMM1275,3,0,0.0
PMM1276,1,0,0.0
PMM1278,3,0,0.0
PMM1279,2,0,0.0
PMM1280,3,0,0.0
PMM1281,3,0,0.0
PMM1282,2,0,0.0
PMM1283,3,1,33.333333333333336
PMM1284,3,0,0.0
PMM1285,3,0,0.0
PMM1286,3,0,0.0
PMM1287,3,0,0.0
PMM1288,3,0,0.0
PMM1289,3,0,0.0
PMM1290,3,0,0.0
PMM1291,2,0,0.0
PMM1292,3,0,0.0
PMM1293,3,0,0.0
PMM1294,3,0,0.0
PMM1295,2,0,0.0
PMM1296,2,0,0.0
PMM1297,3,0,0.0
PMM1298,3,0,0.0
PMM1299,3,0,0.0
PMM1300,3,0,0.0
PMM1301,3,0,0.0
PMM1303,3,0,0.0
PMM1304,3,1,33.333333333333336
PMM1305,3,0,0.0
PMM1306,3,0,0.0
PMM1307,3,1,33.333333333333336
PMM1308,3,1,33.333333333333336
PMM1309,3,1,33.333333333333336
PMM1310,3,0,0.0
PMM1311,2,0,0.0
PMM1312,3,2,66.66666666666667
PMM1313,3,2,66.66666666666667
PMM1314,3,0,0.0
PMM1315,3,0,0.0
PMM1316,2,0,0.0
PMM1317,3,0,0.0
PMM1318,2,0,0.0
PMM1319,3,0,0.0
PMM1320,2,0,0.0
PMM1321,3,0,0.0
PMM1322,3,2,66.66666666666667
PMM1323,2,0,0.0
PMM1324,3,1,33.333333333333336
PMM1325,3,0,0.0
PMM1326,3,0,0.0
PMM1327,3,0,0.0
PMM1328,3,0,0.0
PMM1329,3,0,0.0
PMM1330,3,0,0.0
PMM1331,3,1,33.333333333333336
PMM1332,3,0,0.0
PMM1333,3,1,33.333333333333336
PMM1334,3,0,0.0
PMM1335,3,0,0.0
PMM1336,3,0,0.0
PMM1337,3,0,0.0
PMM1338,3,0,0.0
PMM1339,3,0,0.0
PMM1340,3,0,0.0
PMM1341,3,0,0.0
PMM1342,3,1,33.333333333333336
PMM1343,3,0,0.0
PMM1344,3,0,0.0
PMM1345,3,0,0.0
PMM1346,3,0,0.0
PMM1347,3,0,0.0
PMM1348,3,0,0.0
PMM1349,3,1,33.333333333333336
PMM1350,3,0,0.0
PMM1351,2,0,0.0
PMM1352,3,0,0.0
PMM1353,3,0,0.0
PMM1354,3,0,0.0
PMM1355,3,1,33.333333333333336
PMM1356,3,0,0.0
PMM1357,3,0,0.0
PMM1358,2,0,0.0
PMM1359,3,0,0.0
PMM1360,2,0,0.0
PMM1361,3,0,0.0
PMM1362,3,1,33.333333333333336
PMM1363,2,2,100.0
PMM1364,3,0,0.0
PMM1365,2,0,0.0
PMM1366,3,1,33.333333333333336
PMM1367,2,0,0.0
PMM1368,3,0,0.0
PMM1369,3,0,0.0
PMM1370,3,1,33.333333333333336
PMM1371,2,0,0.0
PMM1372,3,0,0.0
PMM1373,2,0,0.0
PMM1374,2,0,0.0
PMM1375,3,0,0.0
PMM1376,2,1,50.0
PMM1377,3,0,0.0
PMM1378,3,1,33.333333333333336
PMM1379,3,0,0.0
PMM1380,3,0,0.0
PMM1381,2,0,0.0
PMM1382,3,0,0.0
PMM1383,3,0,0.0
PMM1384,2,1,50.0
PMM1385,2,1,50.0
PMM1386,3,0,0.0
PMM1387,2,1,50.0
PMM1388,3,0,0.0
PMM1389,3,0,0.0
PMM1390,3,2,66.66666666666667
PMM1391,3,3,100.0
PMM1392,3,1,33.333333333333336
PMM1393,2,0,0.0
PMM1394,2,0,0.0
PMM1395,2,1,50.0
PMM1396,1,0,0.0
PMM1397,1,0,0.0
PMM1400,3,1,33.333333333333336
PMM1401,3,0,0.0
PMM1402,3,0,0.0
PMM1403,2,1,50.0
PMM1404,2,1,50.0
PMM1405,3,0,0.0
PMM1406,3,0,0.0
PMM1407,2,0,0.0
PMM1408,3,1,33.333333333333336
PMM1409,3,1,33.333333333333336
PMM1410,2,0,0.0
PMM1411,1,0,0.0
PMM1412,3,1,33.333333333333336
PMM1413,3,0,0.0
PMM1414,3,1,33.333333333333336
PMM1415,3,0,0.0
PMM1417,2,0,0.0
PMM1418,2,1,50.0
PMM1419,3,0,0.0
PMM1420,2,0,0.0
PMM1421,3,1,33.333333333333336
PMM1422,2,0,0.0
PMM1423,3,1,33.333333333333336
PMM1424,3,1,33.333333333333336
PMM1425,3,0,0.0
PMM1426,2,0,0.0
PMM1427,1,1,100.0
PMM1428,3,1,33.333333333333336
PMM1429,2,0,0.0
PMM1430,2,0,0.0
PMM1431,3,0,0.0
PMM1432,3,0,0.0
PMM1433,3,0,0.0
PMM1434,3,2,66.66666666666667
PMM1435,2,0,0.0
PMM1436,3,0,0.0
PMM1437,3,0,0.0
PMM1438,3,0,0.0
PMM1439,3,0,0.0
PMM1440,3,0,0.0
PMM1441,3,0,0.0
PMM1442,3,2,66.66666666666667
PMM1443,3,1,33.333333333333336
PMM1444,2,0,0.0
PMM1445,3,0,0.0
PMM1446,3,0,0.0
PMM1447,3,0,0.0
PMM1448,3,0,0.0
PMM1449,2,0,0.0
PMM1450,3,0,0.0
PMM1451,3,0,0.0
PMM1452,3,0,0.0
PMM1453,3,0,0.0
PMM1454,3,0,0.0
PMM1455,2,0,0.0
PMM1456,3,0,0.0
PMM1457,3,0,0.0
PMM1458,2,1,50.0
PMM1459,2,0,0.0
PMM1460,3,0,0.0
PMM1461,3,1,33.333333333333336
PMM1462,2,1,50.0
PMM1464,3,1,33.333333333333336
PMM1465,3,0,0.0
PMM1466,3,0,0.0
PMM1467,3,1,33.333333333333336
PMM1468,3,1,33.333333333333336
PMM1469,3,1,33.333333333333336
PMM1470,3,0,0.0
PMM1471,3,0,0.0
PMM1472,3,0,0.0
PMM1473,2,1,50.0
PMM1474,3,1,33.333333333333336
PMM1475,3,0,0.0
PMM1476,3,1,33.333333333333336
PMM1477,2,1,50.0
PMM1478,3,1,33.333333333333336
PMM1479,3,2,66.66666666666667
PMM1480,3,1,33.333333333333336
PMM1481,3,0,0.0
PMM1482,3,0,0.0
PMM1483,3,0,0.0
PMM1484,3,0,0.0
PMM1485,3,0,0.0
PMM1486,3,1,33.333333333333336
PMM1487,2,0,0.0
PMM1488,3,0,0.0
PMM1489,3,0,0.0
PMM1490,3,2,66.66666666666667
PMM1491,3,0,0.0
PMM1492,3,0,0.0
PMM1493,3,0,0.0
PMM1494,3,0,0.0
PMM1495,2,0,0.0
PMM1496,3,0,0.0
PMM1497,3,0,0.0
PMM1498,3,0,0.0
PMM1499,3,0,0.0
PMM1500,3,0,0.0
PMM1501,3,0,0.0
PMM1502,3,1,33.333333333333336
PMM1503,3,0,0.0
PMM1504,3,0,0.0
PMM1505,3,0,0.0
PMM1506,3,0,0.0
PMM1507,3,0,0.0
PMM1508,3,0,0.0
PMM1509,3,0,0.0
PMM1510,3,0,0.0
PMM1511,3,0,0.0
PMM1513,3,0,0.0
PMM1514,3,2,66.66666666666667
PMM1515,3,0,0.0
PMM1516,2,0,0.0
PMM1517,3,0,0.0
PMM1518,3,0,0.0
PMM1519,3,0,0.0
PMM1520,2,0,0.0
PMM1521,2,0,0.0
PMM1522,3,0,0.0
PMM1523,3,0,0.0
PMM1524,3,0,0.0
PMM1525,3,0,0.0
PMM1526,3,1,33.333333333333336
PMM1527,3,1,33.333333333333336
PMM1528,3,0,0.0
PMM1529,3,0,0.0
PMM1530,3,0,0.0
PMM1531,3,0,0.0
PMM1532,3,0,0.0
PMM1533,3,0,0.0
PMM1534,3,0,0.0
PMM1535,3,0,0.0
PMM1536,3,0,0.0
PMM1537,3,0,0.0
PMM1538,2,0,0.0
PMM1539,3,0,0.0
PMM1540,3,0,0.0
PMM1541,3,0,0.0
PMM1542,3,0,0.0
PMM1543,3,0,0.0
PMM1544,3,0,0.0
PMM1545,3,0,0.0
PMM1546,3,0,0.0
PMM1547,3,0,0.0
PMM1548,3,0,0.0
PMM1549,3,0,0.0
PMM1550,3,0,0.0
PMM1551,3,0,0.0
PMM1552,3,0,0.0
PMM1553,3,0,0.0
PMM1554,3,0,0.0
PMM1555,3,0,0.0
PMM1556,3,0,0.0
PMM1557,3,0,0.0
PMM1558,3,0,0.0
PMM1559,3,0,0.0
PMM1560,2,0,0.0
PMM1561,3,0,0.0
PMM1562,3,2,66.66666666666667
PMM1563,2,0,0.0
PMM1564,3,1,33.333333333333336
PMM1565,3,1,33.333333333333336
PMM1566,2,0,0.0
PMM1567,2,1,50.0
PMM1568,3,0,0.0
PMM1569,3,0,0.0
PMM1570,3,0,0.0
PMM1571,3,0,0.0
PMM1572,3,0,0.0
PMM1573,3,0,0.0
PMM1574,3,1,33.333333333333336
PMM1575,3,1,33.333333333333336
PMM1576,3,1,33.333333333333336
PMM1577,3,0,0.0
PMM1578,3,0,0.0
PMM1579,3,0,0.0
PMM1580,3,0,0.0
PMM1581,3,0,0.0
PMM1582,3,0,0.0
PMM1583,3,0,0.0
PMM1584,3,1,33.333333333333336
PMM1585,3,0,0.0
PMM1586,3,0,0.0
PMM1587,1,1,100.0
PMM1588,3,1,33.333333333333336
PMM1589,3,1,33.333333333333336
PMM1590,3,0,0.0
PMM1591,3,0,0.0
PMM1592,3,0,0.0
PMM1593,3,0,0.0
PMM1594,3,0,0.0
PMM1595,2,1,50.0
PMM1596,3,1,33.333333333333336
PMM1597,3,0,0.0
PMM1598,3,0,0.0
PMM1599,3,0,0.0
PMM1600,3,0,0.0
PMM1601,3,3,100.0
PMM1602,2,1,50.0
PMM1603,3,1,33.333333333333336
PMM1604,3,0,0.0
PMM1605,3,1,33.333333333333336
PMM1606,3,0,0.0
PMM1607,3,0,0.0
PMM1608,3,0,0.0
PMM1609,3,0,0.0
PMM1610,3,0,0.0
PMM1611,3,1,33.333333333333336
PMM1612,1,0,0.0
PMM1613,3,0,0.0
PMM1614,3,0,0.0
PMM1615,3,1,33.333333333333336
PMM1616,3,1,33.333333333333336
PMM1617,3,0,0.0
PMM1618,3,0,0.0
PMM1619,3,0,0.0
PMM1620,2,0,0.0
PMM1621,3,0,0.0
PMM1622,3,0,0.0
PMM1623,3,2,66.66666666666667
PMM1624,3,0,0.0
PMM1625,3,0,0.0
PMM1626,3,1,33.333333333333336
PMM1627,3,0,0.0
PMM1628,3,0,0.0
PMM1629,3,0,0.0
PMM1630,3,0,0.0
PMM1631,2,0,0.0
PMM1632,2,0,0.0
PMM1633,2,0,0.0
PMM1634,3,0,0.0
PMM1635,3,0,0.0
PMM1636,3,0,0.0
PMM1637,3,0,0.0
PMM1638,3,0,0.0
PMM1639,3,0,0.0
PMM1640,3,0,0.0
PMM1641,2,0,0.0
PMM1642,3,0,0.0
PMM1643,3,0,0.0
PMM1644,2,0,0.0
PMM1645,3,0,0.0
PMM1646,3,1,33.333333333333336
PMM1647,3,0,0.0
PMM1648,3,1,33.333333333333336
PMM1649,3,0,0.0
PMM1650,3,0,0.0
PMM1651,3,0,0.0
PMM1652,3,0,0.0
PMM1653,3,0,0.0
PMM1654,3,0,0.0
PMM1655,3,0,0.0
PMM1656,3,0,0.0
PMM1657,3,0,0.0
PMM1658,3,0,0.0
PMM1659,3,0,0.0
PMM1660,3,0,0.0
PMM1661,2,0,0.0
PMM1662,3,0,0.0
PMM1663,3,0,0.0
PMM1664,3,0,0.0
PMM1666,3,0,0.0
PMM1667,3,1,33.333333333333336
PMM1668,3,0,0.0
PMM1669,3,2,66.66666666666667
PMM1670,3,1,33.333333333333336
PMM1671,3,1,33.333333333333336
PMM1672,3,1,33.333333333333336
PMM1673,3,0,0.0
PMM1674,3,0,0.0
PMM1675,3,0,0.0
PMM1676,3,0,0.0
PMM1677,3,1,33.333333333333336
PMM1678,3,2,66.66666666666667
PMM1679,3,0,0.0
PMM1680,1,0,0.0
PMM1681,2,0,0.0
PMM1682,3,0,0.0
PMM1683,3,0,0.0
PMM1684,3,0,0.0
PMM1685,3,0,0.0
PMM1686,3,0,0.0
PMM1687,3,1,33.333333333333336
PMM1688,3,0,0.0
PMM1689,3,2,66.66666666666667
PMM1690,3,1,33.333333333333336
PMM1691,3,1,33.333333333333336
PMM1692,3,1,33.333333333333336
PMM1693,3,0,0.0
PMM1694,3,2,66.66666666666667
PMM1695,2,0,0.0
PMM1696,3,0,0.0
PMM1697,3,1,33.333333333333336
PMM1698,2,0,0.0
PMM1699,3,0,0.0
PMM1700,3,2,66.66666666666667
PMM1701,3,1,33.333333333333336
PMM1702,3,1,33.333333333333336
PMM1703,3,1,33.333333333333336
PMM1704,3,0,0.0
PMM1705,3,0,0.0
PMM1706,3,0,0.0
PMM1707,3,0,0.0
PMM1708,2,0,0.0
PMM1709,3,0,0.0
PMM1710,1,0,0.0
PMM1711,3,0,0.0
PMM1712,3,1,33.333333333333336
PMM1713,3,0,0.0
PMM1714,3,0,0.0
PMM1715,3,0,0.0
PMM1716,3,0,0.0
PMM1800,2,0,0.0
PMM1802,1,0,0.0
PMM1803,1,0,0.0
PMM1804,1,1,100.0
PMM1805,1,0,0.0
PMM1807,1,0,0.0
PMM1810,1,0,0.0
PMM1812,1,0,0.0
PMM1813,1,1,100.0
PMM1814,1,0,0.0
PMM1816,2,0,0.0
PMM1821,1,0,0.0
PMM1824,1,0,0.0
PMM1825,1,0,0.0
PMM1826,1,0,0.0
PMM1828,1,1,100.0
PMM1830,1,0,0.0
PMM1831,1,0,0.0
PMM1832,1,0,0.0
PMM1834,1,1,100.0
PMM1835,1,0,0.0
PMM1837,1,0,0.0
PMM1839,1,0,0.0
PMM1840,1,0,0.0
PMM1841,3,0,0.0
PMM1843,1,0,0.0
PMM1845,1,0,0.0
PMM1846,2,0,0.0
PMM1847,2,0,0.0
PMM1850,1,0,0.0
PMM1851,2,0,0.0
PMM1852,1,0,0.0
PMM1853,1,0,0.0
PMM1854,1,0,0.0
PMM1855,1,0,0.0
PMM1857,1,0,0.0
PMM1858,1,0,0.0
PMM1859,2,0,0.0
PMM1860,1,1,100.0
PMM1863,1,1,100.0
PMM1864,1,1,100.0
PMM1865,1,0,0.0
PMM1866,2,0,0.0
PMM1867,1,0,0.0
PMM1868,1,0,0.0
PMM1870,1,1,100.0
PMM1871,1,0,0.0
PMM1872,1,1,100.0
PMM1873,1,1,100.0
PMM1874,1,0,0.0
PMM1880,1,0,0.0
PMM1881,1,0,0.0
PMM1882,1,0,0.0
PMM1883,2,0,0.0
PMM1884,2,1,50.0
PMM1885,1,1,100.0
PMM1887,1,0,0.0
PMM1890,1,0,0.0
PMM1891,1,0,0.0
PMM1892,2,0,0.0
PMM1893,1,1,100.0
PMM1894,1,1,100.0
PMM1897,1,1,100.0
PMM1898,1,1,100.0
PMM1899,1,0,0.0
PMM1902,1,0,0.0
PMM1903,1,0,0.0
PMM1904,1,0,0.0
PMM1905,2,0,0.0
PMM1907,1,0,0.0
PMM1910,1,1,100.0
PMM1911,1,0,0.0
PMM1912,2,0,0.0
PMM1913,1,0,0.0
PMM1914,1,0,0.0
PMM1915,2,2,100.0
PMM1919,1,1,100.0
PMM1921,1,0,0.0
PMM1922,1,0,0.0
PMM1924,2,0,0.0
PMM1925,1,0,0.0
PMM1926,1,0,0.0
PMM1928,1,0,0.0
PMM1931,1,0,0.0
PMM1932,1,0,0.0
PMM1934,1,0,0.0
PMM1937,1,0,0.0
PMM1939,2,1,50.0
PMM1941,1,1,100.0
PMM1943,2,0,0.0
PMM1944,1,0,0.0
PMM1946,1,0,0.0
PMM1948,1,0,0.0
PMM1949,1,0,0.0
PMM1950,1,0,0.0
PMM1951,1,0,0.0
PMM1952,1,0,0.0
PMM1954,1,0,0.0
PMM1955,1,1,100.0
PMM1956,1,0,0.0
PMM1957,1,0,0.0
PMM1958,1,0,0.0
PMM1959,1,1,100.0
PMM1960,1,0,0.0
PMM1961,1,0,0.0
PMM1962,1,0,0.0
PMM1963,1,0,0.0
PMM1964,1,0,0.0
PMM1966,1,1,100.0
PMM1968,1,0,0.0
PMM1970,1,1,100.0
PMM1971,1,0,0.0
PMM1972,1,1,100.0
PMM1975,1,0,0.0
PMM1978,1,0,0.0
PMM1981,1,0,0.0
PMM1982,1,0,0.0
PMM1983,1,1,100.0
PMM1985,1,0,0.0
PMM1988,1,0,0.0
PMM1989,1,0,0.0
PMM1990,1,0,0.0
PMM1991,1,0,0.0
PMM1992,2,0,0.0
PMM1994,1,0,0.0
PMM1998,1,0,0.0
PMM2002,1,0,0.0
PMM2003,1,1,100.0
PMM2005,1,1,100.0
PMM2006,1,0,0.0
PMM2007,1,0,0.0
PMM2008,1,0,0.0
PMM2009,1,0,0.0
PMM2010,1,0,0.0
PMM2011,2,0,0.0
PMM2013,1,1,100.0
PMM2014,1,0,0.0
PMM2015,1,0,0.0
PMM2019,2,0,0.0
PMM2034,1,0,0.0
PMM2046,1,0,0.0
PMM2077,1,1,100.0
PMT0001,1,0,0.0
PMT0002,1,0,0.0
PMT0003,1,0,0.0
PMT0004,1,0,0.0
PMT0005,1,0,0.0
PMT0006,1,0,0.0
PMT0007,1,0,0.0
PMT0008,1,0,0.0
PMT0009,1,0,0.0
PMT0010,1,0,0.0
PMT0011,1,0,0.0
PMT0012,1,0,0.0
PMT0013,1,0,0.0
PMT0014,1,0,0.0
PMT0015,1,0,0.0
PMT0016,1,0,0.0
PMT0017,1,0,0.0
PMT0018,1,0,0.0
PMT0019,1,0,0.0
PMT0020,1,0,0.0
PMT0021,1,0,0.0
PMT0022,1,0,0.0
PMT0023,1,0,0.0
PMT0024,1,0,0.0
PMT0025,1,0,0.0
PMT0026,1,0,0.0
PMT0027,1,0,0.0
PMT0028,1,0,0.0
PMT0029,1,0,0.0
PMT0030,1,0,0.0
PMT0031,1,0,0.0
PMT0032,1,0,0.0
PMT0033,1,0,0.0
PMT0034,1,0,0.0
PMT0035,1,0,0.0
PMT0036,1,0,0.0
PMT0037,1,0,0.0
PMT0038,1,0,0.0
PMT0039,1,0,0.0
PMT0040,1,0,0.0
PMT0043,1,0,0.0
PMT0044,1,0,0.0
PMT0045,1,0,0.0
PMT0046,1,0,0.0
PMT0047,1,0,0.0
PMT0048,1,0,0.0
PMT0049,1,0,0.0
PMT0052,1,0,0.0
PMT0054,1,0,0.0
PMT0055,1,0,0.0
PMT0056,1,0,0.0
PMT0057,1,0,0.0
PMT0058,1,0,0.0
PMT0059,1,0,0.0
PMT0060,1,0,0.0
PMT0061,1,0,0.0
PMT0062,1,0,0.0
PMT0063,1,0,0.0
PMT0064,1,0,0.0
PMT0065,1,0,0.0
PMT0066,1,0,0.0
PMT0067,1,0,0.0
PMT0068,1,0,0.0
PMT0069,1,0,0.0
PMT0070,1,0,0.0
PMT0071,1,0,0.0
PMT0073,1,0,0.0
PMT0074,1,0,0.0
PMT0075,1,0,0.0
PMT0076,1,0,0.0
PMT0077,1,0,0.0
PMT0078,1,0,0.0
PMT0079,1,0,0.0
PMT0080,1,0,0.0
PMT0081,1,0,0.0
PMT0082,1,0,0.0
PMT0083,1,0,0.0
PMT0085,1,0,0.0
PMT0086,1,0,0.0
PMT0087,1,0,0.0
PMT0088,1,0,0.0
PMT0090,1,0,0.0
PMT0091,1,0,0.0
PMT0095,1,0,0.0
PMT0096,1,0,0.0
PMT0098,1,0,0.0
PMT0099,1,0,0.0
PMT0100,1,0,0.0
PMT0102,1,0,0.0
PMT0103,1,0,0.0
PMT0105,1,0,0.0
PMT0106,1,0,0.0
PMT0108,1,0,0.0
PMT0109,1,0,0.0
PMT0110,1,0,0.0
PMT0111,1,0,0.0
PMT0112,1,0,0.0
PMT0113,1,0,0.0
PMT0114,1,0,0.0
PMT0115,1,0,0.0
PMT0117,1,0,0.0
PMT0118,1,0,0.0
PMT0119,1,0,0.0
PMT0120,1,0,0.0
PMT0121,1,0,0.0
PMT0122,1,0,0.0
PMT0123,1,0,0.0
PMT0124,1,0,0.0
PMT0125,1,0,0.0
PMT0126,1,0,0.0
PMT0127,1,0,0.0
PMT0128,1,0,0.0
PMT0129,1,0,0.0
PMT0130,1,0,0.0
PMT0131,1,0,0.0
PMT0132,1,0,0.0
PMT0133,1,0,0.0
PMT0134,1,0,0.0
PMT0135,1,0,0.0
PMT0136,1,0,0.0
PMT0137,1,0,0.0
PMT0138,1,0,0.0
PMT0139,1,0,0.0
PMT0140,1,0,0.0
PMT0141,1,0,0.0
PMT0142,1,0,0.0
PMT0143,1,0,0.0
PMT0144,1,0,0.0
PMT0145,1,0,0.0
PMT0146,1,0,0.0
PMT0147,1,0,0.0
PMT0148,1,0,0.0
PMT0149,1,0,0.0
PMT0150,1,0,0.0
PMT0151,1,0,0.0
PMT0152,1,0,0.0
PMT0154,1,0,0.0
PMT0155,1,0,0.0
PMT0156,1,0,0.0
PMT0157,1,0,0.0
PMT0158,1,0,0.0
PMT0159,1,0,0.0
PMT0160,1,0,0.0
PMT0162,1,0,0.0
PMT0163,1,0,0.0
PMT0164,1,0,0.0
PMT0165,1,0,0.0
PMT0167,1,0,0.0
PMT0168,1,0,0.0
PMT0169,1,0,0.0
PMT0170,1,0,0.0
PMT0171,1,0,0.0
PMT0172,1,0,0.0
PMT0173,1,0,0.0
PMT0174,1,0,0.0
PMT0175,1,0,0.0
PMT0176,1,0,0.0
PMT0178,1,0,0.0
PMT0179,1,0,0.0
PMT0180,1,0,0.0
PMT0181,1,0,0.0
PMT0182,1,0,0.0
PMT0183,1,0,0.0
PMT0184,1,0,0.0
PMT0185,1,0,0.0
PMT0186,1,0,0.0
PMT0187,1,0,0.0
PMT0188,1,0,0.0
PMT0189,1,0,0.0
PMT0190,1,0,0.0
PMT0191,1,0,0.0
PMT0192,1,0,0.0
PMT0193,1,0,0.0
PMT0194,1,0,0.0
PMT0195,1,0,0.0
PMT0196,1,0,0.0
PMT0197,1,0,0.0
PMT0198,1,0,0.0
PMT0199,1,0,0.0
PMT0200,1,0,0.0
PMT0201,1,0,0.0
PMT0202,1,0,0.0
PMT0203,1,0,0.0
PMT0204,1,0,0.0
PMT0206,1,0,0.0
PMT0207,1,0,0.0
PMT0208,1,0,0.0
PMT0209,1,0,0.0
PMT0210,1,0,0.0
PMT0211,1,0,0.0
PMT0212,1,0,0.0
PMT0213,1,0,0.0
PMT0214,1,0,0.0
PMT0215,1,0,0.0
PMT0216,1,0,0.0
PMT0217,1,0,0.0
PMT0218,1,0,0.0
PMT0219,1,0,0.0
PMT0220,1,0,0.0
PMT0221,1,0,0.0
PMT0222,1,0,0.0
PMT0223,1,0,0.0
PMT0224,1,0,0.0
PMT0225,1,0,0.0
PMT0226,1,0,0.0
PMT0227,1,0,0.0
PMT0228,1,0,0.0
PMT0229,1,0,0.0
PMT0230,1,0,0.0
PMT0231,1,0,0.0
PMT0233,1,0,0.0
PMT0234,1,0,0.0
PMT0235,1,0,0.0
PMT0236,1,0,0.0
PMT0237,1,0,0.0
PMT0238,1,0,0.0
PMT0239,1,0,0.0
PMT0243,1,0,0.0
PMT0244,1,0,0.0
PMT0246,1,0,0.0
PMT0248,1,0,0.0
PMT0249,1,0,0.0
PMT0250,1,0,0.0
PMT0251,1,0,0.0
PMT0252,1,0,0.0
PMT0253,1,0,0.0
PMT0254,1,0,0.0
PMT0255,1,0,0.0
PMT0256,1,0,0.0
PMT0257,1,0,0.0
PMT0258,1,0,0.0
PMT0259,1,0,0.0
PMT0261,1,0,0.0
PMT0262,1,0,0.0
PMT0263,1,0,0.0
PMT0264,1,0,0.0
PMT0265,1,0,0.0
PMT0266,1,0,0.0
PMT0267,1,0,0.0
PMT0268,1,0,0.0
PMT0269,1,0,0.0
PMT0270,1,0,0.0
PMT0271,1,0,0.0
PMT0272,1,0,0.0
PMT0273,1,0,0.0
PMT0274,1,0,0.0
PMT0275,1,0,0.0
PMT0276,1,0,0.0
PMT0277,1,0,0.0
PMT0278,1,0,0.0
PMT0279,1,0,0.0
PMT0280,1,0,0.0
PMT0281,1,0,0.0
PMT0282,1,0,0.0
PMT0283,1,0,0.0
PMT0284,1,0,0.0
PMT0285,1,0,0.0
PMT0286,1,0,0.0
PMT0287,1,0,0.0
PMT0288,1,0,0.0
PMT0290,1,0,0.0
PMT0291,1,0,0.0
PMT0292,1,0,0.0
PMT0293,1,0,0.0
PMT0294,1,0,0.0
PMT0295,1,0,0.0
PMT0296,1,0,0.0
PMT0297,1,0,0.0
PMT0298,1,0,0.0
PMT0299,1,0,0.0
PMT0300,1,0,0.0
PMT0301,1,0,0.0
PMT0302,1,0,0.0
PMT0303,1,0,0.0
PMT0305,1,0,0.0
PMT0306,1,0,0.0
PMT0308,1,0,0.0
PMT0309,1,0,0.0
PMT0310,1,0,0.0
PMT0311,1,0,0.0
PMT0312,1,0,0.0
PMT0313,1,0,0.0
PMT0314,1,0,0.0
PMT0315,1,0,0.0
PMT0316,1,0,0.0
PMT0317,1,0,0.0
PMT0319,1,0,0.0
PMT0320,1,0,0.0
PMT0321,1,0,0.0
PMT0322,1,0,0.0
PMT0323,1,0,0.0
PMT0324,1,0,0.0
PMT0325,1,0,0.0
PMT0326,1,0,0.0
PMT0327,1,0,0.0
PMT0328,1,0,0.0
PMT0329,1,0,0.0
PMT0331,1,0,0.0
PMT0332,1,0,0.0
PMT0333,1,0,0.0
PMT0334,1,0,0.0
PMT0335,1,0,0.0
PMT0336,1,0,0.0
PMT0337,1,0,0.0
PMT0338,1,0,0.0
PMT0339,1,0,0.0
PMT0340,1,0,0.0
PMT0341,1,0,0.0
PMT0343,1,0,0.0
PMT0344,1,0,0.0
PMT0345,1,0,0.0
PMT0346,1,1,100.0
PMT0347,1,0,0.0
PMT0348,1,0,0.0
PMT0349,1,0,0.0
PMT0350,1,0,0.0
PMT0351,1,0,0.0
PMT0352,1,0,0.0
PMT0353,1,0,0.0
PMT0354,1,0,0.0
PMT0355,1,0,0.0
PMT0357,1,0,0.0
PMT0358,1,0,0.0
PMT0361,1,0,0.0
PMT0362,1,0,0.0
PMT0363,1,0,0.0
PMT0364,1,0,0.0
PMT0365,1,0,0.0
PMT0366,1,0,0.0
PMT0367,1,0,0.0
PMT0368,1,0,0.0
PMT0369,1,0,0.0
PMT0370,1,0,0.0
PMT0372,1,0,0.0
PMT0373,1,0,0.0
PMT0374,1,0,0.0
PMT0375,1,0,0.0
PMT0376,1,0,0.0
PMT0377,1,0,0.0
PMT0378,1,0,0.0
PMT0379,1,0,0.0
PMT0380,1,0,0.0
PMT0381,1,0,0.0
PMT0382,1,0,0.0
PMT0383,1,0,0.0
PMT0384,1,0,0.0
PMT0385,1,0,0.0
PMT0386,1,0,0.0
PMT0387,1,0,0.0
PMT0388,1,0,0.0
PMT0389,1,0,0.0
PMT0390,1,0,0.0
PMT0391,1,0,0.0
PMT0392,1,0,0.0
PMT0393,1,0,0.0
PMT0394,1,0,0.0
PMT0395,1,0,0.0
PMT0396,1,0,0.0
PMT0397,1,0,0.0
PMT0398,1,0,0.0
PMT0399,1,0,0.0
PMT0400,1,0,0.0
PMT0401,1,0,0.0
PMT0402,1,0,0.0
PMT0403,1,0,0.0
PMT0404,1,0,0.0
PMT0405,1,0,0.0
PMT0406,1,0,0.0
PMT0407,1,0,0.0
PMT0408,1,0,0.0
PMT0409,1,0,0.0
PMT0410,1,0,0.0
PMT0411,1,0,0.0
PMT0412,1,0,0.0
PMT0413,1,0,0.0
PMT0414,1,0,0.0
PMT0415,1,0,0.0
PMT0416,1,0,0.0
PMT0417,1,0,0.0
PMT0418,1,0,0.0
PMT0419,1,0,0.0
PMT0420,1,0,0.0
PMT0421,1,0,0.0
PMT0422,1,0,0.0
PMT0423,1,0,0.0
PMT0424,1,0,0.0
PMT0425,1,0,0.0
PMT0426,1,0,0.0
PMT0427,1,0,0.0
PMT0428,1,0,0.0
PMT0429,1,0,0.0
PMT0430,1,0,0.0
PMT0431,1,0,0.0
PMT0432,1,0,0.0
PMT0433,1,0,0.0
PMT0434,1,0,0.0
PMT0435,1,0,0.0
PMT0436,1,0,0.0
PMT0437,1,0,0.0
PMT0438,1,0,0.0
PMT0439,1,0,0.0
PMT0440,1,0,0.0
PMT0441,1,0,0.0
PMT0442,1,0,0.0
PMT0443,1,0,0.0
PMT0444,1,0,0.0
PMT0445,1,0,0.0
PMT0446,1,0,0.0
PMT0447,1,0,0.0
PMT0449,1,0,0.0
PMT0450,1,0,0.0
PMT0451,1,0,0.0
PMT0452,1,0,0.0
PMT0453,1,0,0.0
PMT0454,1,0,0.0
PMT0455,1,0,0.0
PMT0456,1,0,0.0
PMT0457,1,0,0.0
PMT0458,1,0,0.0
PMT0459,1,0,0.0
PMT0460,1,0,0.0
PMT0461,1,0,0.0
PMT0462,1,0,0.0
PMT0463,1,0,0.0
PMT0464,1,0,0.0
PMT0465,1,0,0.0
PMT0466,1,0,0.0
PMT0467,1,0,0.0
PMT0468,1,0,0.0
PMT0469,1,0,0.0
PMT0470,1,0,0.0
PMT0471,1,0,0.0
PMT0472,1,0,0.0
PMT0473,1,0,0.0
PMT0474,1,0,0.0
PMT0475,1,0,0.0
PMT0476,1,0,0.0
PMT0477,1,0,0.0
PMT0478,1,0,0.0
PMT0479,1,0,0.0
PMT0480,1,0,0.0
PMT0481,1,0,0.0
PMT0482,1,0,0.0
PMT0483,1,0,0.0
PMT0484,1,0,0.0
PMT0485,1,0,0.0
PMT0486,1,0,0.0
PMT0487,1,0,0.0
PMT0489,1,0,0.0
PMT0492,1,0,0.0
PMT0493,1,0,0.0
PMT0494,1,0,0.0
PMT0495,1,0,0.0
PMT0496,1,0,0.0
PMT0497,1,0,0.0
PMT0498,1,0,0.0
PMT0499,1,0,0.0
PMT0500,1,0,0.0
PMT0501,1,0,0.0
PMT0502,1,0,0.0
PMT0503,1,0,0.0
PMT0504,1,0,0.0
PMT0505,1,0,0.0
PMT0506,1,0,0.0
PMT0509,1,0,0.0
PMT0510,1,0,0.0
PMT0511,1,0,0.0
PMT0512,1,0,0.0
PMT0513,1,0,0.0
PMT0514,1,0,0.0
PMT0515,1,0,0.0
PMT0516,1,0,0.0
PMT0517,1,0,0.0
PMT0518,1,0,0.0
PMT0519,1,0,0.0
PMT0520,1,0,0.0
PMT0521,1,0,0.0
PMT0522,1,0,0.0
PMT0523,1,0,0.0
PMT0524,1,0,0.0
PMT0525,1,0,0.0
PMT0526,1,0,0.0
PMT0527,1,0,0.0
PMT0528,1,0,0.0
PMT0529,1,0,0.0
PMT0530,1,0,0.0
PMT0531,1,0,0.0
PMT0532,1,0,0.0
PMT0533,1,0,0.0
PMT0534,1,0,0.0
PMT0535,1,0,0.0
PMT0536,1,0,0.0
PMT0537,1,0,0.0
PMT0538,1,0,0.0
PMT0539,1,0,0.0
PMT0540,1,0,0.0
PMT0541,1,0,0.0
PMT0542,1,0,0.0
PMT0543,1,0,0.0
PMT0544,1,0,0.0
PMT0545,1,0,0.0
PMT0546,1,0,0.0
PMT0547,1,0,0.0
PMT0548,1,0,0.0
PMT0550,1,0,0.0
PMT0551,1,0,0.0
PMT0552,1,0,0.0
PMT0553,1,0,0.0
PMT0554,1,0,0.0
PMT0555,1,0,0.0
PMT0556,1,0,0.0
PMT0557,1,0,0.0
PMT0558,1,0,0.0
PMT0559,1,0,0.0
PMT0560,1,0,0.0
PMT0561,1,0,0.0
PMT0562,1,0,0.0
PMT0563,1,0,0.0
PMT0564,1,0,0.0
PMT0565,1,0,0.0
PMT0566,1,0,0.0
PMT0567,1,0,0.0
PMT0568,1,0,0.0
PMT0569,1,0,0.0
PMT0570,1,0,0.0
PMT0571,1,0,0.0
PMT0572,1,0,0.0
PMT0573,1,0,0.0
PMT0574,1,0,0.0
PMT0575,1,0,0.0
PMT0576,1,0,0.0
PMT0577,1,0,0.0
PMT0578,1,0,0.0
PMT0579,1,0,0.0
PMT0580,1,0,0.0
PMT0581,1,0,0.0
PMT0582,1,0,0.0
PMT0583,1,0,0.0
PMT0584,1,0,0.0
PMT0585,1,0,0.0
PMT0587,1,0,0.0
PMT0588,1,0,0.0
PMT0589,1,0,0.0
PMT0590,1,0,0.0
PMT0591,1,0,0.0
PMT0592,1,0,0.0
PMT0593,1,0,0.0
PMT0594,1,0,0.0
PMT0595,1,0,0.0
PMT0596,1,0,0.0
PMT0597,1,0,0.0
PMT0598,1,0,0.0
PMT0599,1,0,0.0
PMT0600,1,0,0.0
PMT0602,1,0,0.0
PMT0603,1,0,0.0
PMT0604,1,0,0.0
PMT0605,1,0,0.0
PMT0606,1,0,0.0
PMT0607,1,0,0.0
PMT0608,1,0,0.0
PMT0609,1,0,0.0
PMT0611,1,0,0.0
PMT0612,1,0,0.0
PMT0614,1,0,0.0
PMT0615,1,0,0.0
PMT0616,1,0,0.0
PMT0617,1,0,0.0
PMT0618,1,0,0.0
PMT0619,1,0,0.0
PMT0620,1,0,0.0
PMT0621,1,0,0.0
PMT0622,1,0,0.0
PMT0624,1,0,0.0
PMT0625,1,0,0.0
PMT0626,1,0,0.0
PMT0627,1,0,0.0
PMT0628,1,0,0.0
PMT0629,1,0,0.0
PMT0630,1,0,0.0
PMT0631,1,0,0.0
PMT0632,1,0,0.0
PMT0633,1,0,0.0
PMT0634,1,0,0.0
PMT0635,1,0,0.0
PMT0636,1,0,0.0
PMT0637,1,0,0.0
PMT0638,1,0,0.0
PMT0639,1,0,0.0
PMT0640,1,0,0.0
PMT0641,1,0,0.0
PMT0642,1,0,0.0
PMT0643,1,0,0.0
PMT0644,1,0,0.0
PMT0645,1,0,0.0
PMT0646,1,0,0.0
PMT0647,1,0,0.0
PMT0648,1,0,0.0
PMT0649,1,0,0.0
PMT0650,1,0,0.0
PMT0651,1,0,0.0
PMT0652,1,0,0.0
PMT0653,1,0,0.0
PMT0654,1,0,0.0
PMT0655,1,0,0.0
PMT0656,1,0,0.0
PMT0657,1,0,0.0
PMT0658,1,0,0.0
PMT0659,1,0,0.0
PMT0660,1,0,0.0
PMT0661,1,0,0.0
PMT0662,1,0,0.0
PMT0663,1,0,0.0
PMT0664,1,0,0.0
PMT0665,1,0,0.0
PMT0666,1,0,0.0
PMT0667,1,0,0.0
PMT0668,1,0,0.0
PMT0669,1,0,0.0
PMT0671,1,0,0.0
PMT0672,1,0,0.0
PMT0674,1,0,0.0
PMT0675,1,0,0.0
PMT0676,1,0,0.0
PMT0677,1,0,0.0
PMT0678,1,0,0.0
PMT0679,1,0,0.0
PMT0680,1,0,0.0
PMT0681,1,0,0.0
PMT0682,1,0,0.0
PMT0683,1,0,0.0
PMT0685,1,0,0.0
PMT0686,1,0,0.0
PMT0687,1,0,0.0
PMT0688,1,0,0.0
PMT0689,1,0,0.0
PMT0690,1,0,0.0
PMT0691,1,0,0.0
PMT0692,1,0,0.0
PMT0693,1,0,0.0
PMT0694,1,0,0.0
PMT0695,1,0,0.0
PMT0696,1,0,0.0
PMT0697,1,0,0.0
PMT0698,1,0,0.0
PMT0699,1,0,0.0
PMT0703,1,0,0.0
PMT0704,1,0,0.0
PMT0705,1,0,0.0
PMT0706,1,0,0.0
PMT0707,1,0,0.0
PMT0708,1,0,0.0
PMT0709,1,0,0.0
PMT0710,1,0,0.0
PMT0711,1,0,0.0
PMT0712,1,0,0.0
PMT0713,1,0,0.0
PMT0714,1,0,0.0
PMT0715,1,0,0.0
PMT0716,1,0,0.0
PMT0717,1,0,0.0
PMT0719,1,0,0.0
PMT0720,1,0,0.0
PMT0721,1,0,0.0
PMT0722,1,0,0.0
PMT0723,1,0,0.0
PMT0724,1,0,0.0
PMT0725,1,0,0.0
PMT0726,1,0,0.0
PMT0727,1,0,0.0
PMT0728,1,0,0.0
PMT0729,1,0,0.0
PMT0730,1,0,0.0
PMT0731,1,0,0.0
PMT0732,1,0,0.0
PMT0734,1,0,0.0
PMT0735,1,0,0.0
PMT0736,1,0,0.0
PMT0737,1,0,0.0
PMT0738,1,0,0.0
PMT0740,1,0,0.0
PMT0741,1,0,0.0
PMT0742,1,0,0.0
PMT0743,1,0,0.0
PMT0744,1,0,0.0
PMT0745,1,0,0.0
PMT0746,1,0,0.0
PMT0747,1,0,0.0
PMT0748,1,0,0.0
PMT0749,1,0,0.0
PMT0750,1,0,0.0
PMT0751,1,0,0.0
PMT0752,1,0,0.0
PMT0754,1,0,0.0
PMT0755,1,0,0.0
PMT0756,1,0,0.0
PMT0758,1,0,0.0
PMT0759,1,0,0.0
PMT0760,1,0,0.0
PMT0761,1,0,0.0
PMT0762,1,0,0.0
PMT0763,1,0,0.0
PMT0765,1,0,0.0
PMT0766,1,0,0.0
PMT0767,1,0,0.0
PMT0768,1,0,0.0
PMT0769,1,0,0.0
PMT0770,1,0,0.0
PMT0771,1,0,0.0
PMT0772,1,0,0.0
PMT0773,1,0,0.0
PMT0774,1,0,0.0
PMT0775,1,0,0.0
PMT0776,1,0,0.0
PMT0777,1,0,0.0
PMT0778,1,0,0.0
PMT0779,1,0,0.0
PMT0783,1,0,0.0
PMT0784,1,0,0.0
PMT0785,1,0,0.0
PMT0786,1,0,0.0
PMT0787,1,0,0.0
PMT0788,1,0,0.0
PMT0789,1,0,0.0
PMT0791,1,0,0.0
PMT0792,1,0,0.0
PMT0793,1,0,0.0
PMT0794,1,0,0.0
PMT0795,1,0,0.0
PMT0796,1,0,0.0
PMT0797,1,0,0.0
PMT0798,1,0,0.0
PMT0799,1,0,0.0
PMT0800,1,0,0.0
PMT0801,1,0,0.0
PMT0802,1,0,0.0
PMT0803,1,0,0.0
PMT0804,1,0,0.0
PMT0805,1,0,0.0
PMT0806,1,0,0.0
PMT0807,1,0,0.0
PMT0808,1,0,0.0
PMT0809,1,0,0.0
PMT0810,1,0,0.0
PMT0811,1,0,0.0
PMT0812,1,0,0.0
PMT0813,1,0,0.0
PMT0814,1,0,0.0
PMT0815,1,0,0.0
PMT0816,1,0,0.0
PMT0817,1,0,0.0
PMT0818,1,0,0.0
PMT0819,1,0,0.0
PMT0820,1,0,0.0
PMT0821,1,0,0.0
PMT0822,1,0,0.0
PMT0823,1,0,0.0
PMT0824,1,0,0.0
PMT0825,1,0,0.0
PMT0826,1,0,0.0
PMT0827,1,0,0.0
PMT0828,1,0,0.0
PMT0830,1,0,0.0
PMT0832,1,0,0.0
PMT0833,1,0,0.0
PMT0834,1,0,0.0
PMT0835,1,0,0.0
PMT0836,1,0,0.0
PMT0837,1,0,0.0
PMT0838,1,0,0.0
PMT0839,1,0,0.0
PMT0840,1,0,0.0
PMT0843,1,0,0.0
PMT0844,1,0,0.0
PMT0845,1,0,0.0
PMT0846,1,0,0.0
PMT0847,1,0,0.0
PMT0848,1,0,0.0
PMT0849,1,0,0.0
PMT0850,1,0,0.0
PMT0851,1,0,0.0
PMT0852,1,0,0.0
PMT0853,1,0,0.0
PMT0854,1,0,0.0
PMT0855,1,0,0.0
PMT0856,1,0,0.0
PMT0857,1,0,0.0
PMT0859,1,0,0.0
PMT0860,1,0,0.0
PMT0861,1,0,0.0
PMT0862,1,0,0.0
PMT0863,1,0,0.0
PMT0864,1,0,0.0
PMT0865,1,0,0.0
PMT0866,1,0,0.0
PMT0868,1,0,0.0
PMT0869,1,0,0.0
PMT0870,1,0,0.0
PMT0871,1,0,0.0
PMT0872,1,0,0.0
PMT0873,1,0,0.0
PMT0874,1,0,0.0
PMT0875,1,0,0.0
PMT0876,1,0,0.0
PMT0877,1,0,0.0
PMT0878,1,0,0.0
PMT0880,1,0,0.0
PMT0881,1,0,0.0
PMT0882,1,0,0.0
PMT0883,1,0,0.0
PMT0884,1,0,0.0
PMT0886,1,0,0.0
PMT0888,1,0,0.0
PMT0889,1,0,0.0
PMT0890,1,0,0.0
PMT0891,1,0,0.0
PMT0892,1,0,0.0
PMT0893,1,0,0.0
PMT0895,1,0,0.0
PMT0898,1,0,0.0
PMT0899,1,0,0.0
PMT0900,1,0,0.0
PMT0901,1,0,0.0
PMT0902,1,0,0.0
PMT0903,1,0,0.0
PMT0904,1,0,0.0
PMT0905,1,0,0.0
PMT0906,1,0,0.0
PMT0908,1,1,100.0
PMT0909,1,0,0.0
PMT0910,1,0,0.0
PMT0911,1,0,0.0
PMT0912,1,0,0.0
PMT0914,1,0,0.0
PMT0916,1,0,0.0
PMT0917,1,0,0.0
PMT0918,1,0,0.0
PMT0919,1,0,0.0
PMT0920,1,0,0.0
PMT0921,1,0,0.0
PMT0923,1,0,0.0
PMT0924,1,0,0.0
PMT0925,1,0,0.0
PMT0926,1,0,0.0
PMT0927,1,0,0.0
PMT0930,1,0,0.0
PMT0931,1,0,0.0
PMT0932,1,0,0.0
PMT0934,1,0,0.0
PMT0935,1,0,0.0
PMT0936,1,0,0.0
PMT0937,1,0,0.0
PMT0938,1,0,0.0
PMT0939,1,1,100.0
PMT0941,1,0,0.0
PMT0943,1,0,0.0
PMT0944,1,0,0.0
PMT0945,1,0,0.0
PMT0946,1,0,0.0
PMT0947,1,0,0.0
PMT0948,1,0,0.0
PMT0949,1,0,0.0
PMT0950,1,0,0.0
PMT0951,1,1,100.0
PMT0952,1,0,0.0
PMT0953,1,0,0.0
PMT0954,1,0,0.0
PMT0955,1,0,0.0
PMT0957,1,0,0.0
PMT0958,1,0,0.0
PMT0963,1,0,0.0
PMT0964,1,1,100.0
PMT0965,1,0,0.0
PMT0966,1,0,0.0
PMT0967,1,0,0.0
PMT0968,1,0,0.0
PMT0969,1,0,0.0
PMT0970,1,0,0.0
PMT0972,1,0,0.0
PMT0973,1,0,0.0
PMT0974,1,0,0.0
PMT0975,1,0,0.0
PMT0977,1,0,0.0
PMT0978,1,0,0.0
PMT0979,1,0,0.0
PMT0980,1,0,0.0
PMT0981,1,0,0.0
PMT0982,1,0,0.0
PMT0983,1,0,0.0
PMT0984,1,0,0.0
PMT0985,1,0,0.0
PMT0986,1,0,0.0
PMT0987,1,0,0.0
PMT0988,1,0,0.0
PMT0989,1,0,0.0
PMT0991,1,1,100.0
PMT0992,1,1,100.0
PMT0998,1,0,0.0
PMT0999,1,0,0.0
PMT1002,1,0,0.0
PMT1003,1,0,0.0
PMT1004,1,0,0.0
PMT1005,1,0,0.0
PMT1006,1,0,0.0
PMT1007,1,1,100.0
PMT1008,1,0,0.0
PMT1009,1,0,0.0
PMT1010,1,0,0.0
PMT1011,1,0,0.0
PMT1012,1,0,0.0
PMT1013,1,0,0.0
PMT1014,1,0,0.0
PMT1015,1,0,0.0
PMT1016,1,0,0.0
PMT1017,1,0,0.0
PMT1018,1,0,0.0
PMT1019,1,0,0.0
PMT1020,1,0,0.0
PMT1021,1,0,0.0
PMT1023,1,0,0.0
PMT1024,1,0,0.0
PMT1025,1,0,0.0
PMT1026,1,0,0.0
PMT1027,1,0,0.0
PMT1028,1,0,0.0
PMT1029,1,0,0.0
PMT1031,1,0,0.0
PMT1032,1,0,0.0
PMT1033,1,0,0.0
PMT1034,1,0,0.0
PMT1035,1,0,0.0
PMT1036,1,0,0.0
PMT1037,1,0,0.0
PMT1038,1,0,0.0
PMT1039,1,0,0.0
PMT1040,1,0,0.0
PMT1042,1,0,0.0
PMT1043,1,0,0.0
PMT1044,1,0,0.0
PMT1045,1,0,0.0
PMT1046,1,0,0.0
PMT1047,1,0,0.0
PMT1049,1,0,0.0
PMT1050,1,0,0.0
PMT1051,1,0,0.0
PMT1052,1,0,0.0
PMT1053,1,0,0.0
PMT1054,1,0,0.0
PMT1055,1,0,0.0
PMT1056,1,0,0.0
PMT1057,1,0,0.0
PMT1058,1,0,0.0
PMT1059,1,0,0.0
PMT1060,1,0,0.0
PMT1061,1,0,0.0
PMT1062,1,0,0.0
PMT1063,1,0,0.0
PMT1064,1,0,0.0
PMT1065,1,0,0.0
PMT1066,1,0,0.0
PMT1067,1,0,0.0
PMT1068,1,0,0.0
PMT1069,1,0,0.0
PMT1070,1,0,0.0
PMT1071,1,0,0.0
PMT1072,1,0,0.0
PMT1073,1,0,0.0
PMT1074,1,0,0.0
PMT1075,1,0,0.0
PMT1076,1,0,0.0
PMT1077,1,0,0.0
PMT1078,1,0,0.0
PMT1079,1,0,0.0
PMT1080,1,0,0.0
PMT1081,1,0,0.0
PMT1082,1,0,0.0
PMT1083,1,0,0.0
PMT1084,1,0,0.0
PMT1085,1,0,0.0
PMT1086,1,0,0.0
PMT1087,1,0,0.0
PMT1088,1,0,0.0
PMT1089,1,0,0.0
PMT1090,1,0,0.0
PMT1091,1,0,0.0
PMT1092,1,0,0.0
PMT1093,1,0,0.0
PMT1094,1,0,0.0
PMT1095,1,0,0.0
PMT1096,1,0,0.0
PMT1097,1,0,0.0
PMT1098,1,0,0.0
PMT1099,1,0,0.0
PMT1100,1,0,0.0
PMT1101,1,0,0.0
PMT1102,1,0,0.0
PMT1103,1,0,0.0
PMT1104,1,0,0.0
PMT1105,1,0,0.0
PMT1106,1,0,0.0
PMT1107,1,0,0.0
PMT1108,1,0,0.0
PMT1109,1,0,0.0
PMT1110,1,0,0.0
PMT1111,1,0,0.0
PMT1112,1,0,0.0
PMT1113,1,0,0.0
PMT1114,1,0,0.0
PMT1115,1,0,0.0
PMT1116,1,0,0.0
PMT1117,1,0,0.0
PMT1118,1,0,0.0
PMT1119,1,0,0.0
PMT1120,1,0,0.0
PMT1121,1,0,0.0
PMT1122,1,0,0.0
PMT1123,1,0,0.0
PMT1124,1,0,0.0
PMT1125,1,0,0.0
PMT1126,1,0,0.0
PMT1127,1,0,0.0
PMT1128,1,0,0.0
PMT1129,1,0,0.0
PMT1131,1,0,0.0
PMT1132,1,0,0.0
PMT1133,1,0,0.0
PMT1134,1,0,0.0
PMT1135,1,0,0.0
PMT1136,1,0,0.0
PMT1137,1,0,0.0
PMT1138,1,0,0.0
PMT1139,1,0,0.0
PMT1140,1,0,0.0
PMT1141,1,0,0.0
PMT1142,1,0,0.0
PMT1143,1,0,0.0
PMT1144,1,1,100.0
PMT1145,1,0,0.0
PMT1146,1,0,0.0
PMT1147,1,0,0.0
PMT1148,1,0,0.0
PMT1149,1,0,0.0
PMT1151,1,0,0.0
PMT1152,1,0,0.0
PMT1153,1,1,100.0
PMT1155,1,0,0.0
PMT1156,1,0,0.0
PMT1157,1,0,0.0
PMT1158,1,0,0.0
PMT1159,1,0,0.0
PMT1160,1,0,0.0
PMT1161,1,0,0.0
PMT1162,1,0,0.0
PMT1163,1,0,0.0
PMT1164,1,0,0.0
PMT1165,1,0,0.0
PMT1166,1,0,0.0
PMT1167,1,0,0.0
PMT1168,1,0,0.0
PMT1169,1,0,0.0
PMT1170,1,0,0.0
PMT1171,1,0,0.0
PMT1172,1,0,0.0
PMT1173,1,0,0.0
PMT1174,1,0,0.0
PMT1175,1,0,0.0
PMT1176,1,0,0.0
PMT1177,1,0,0.0
PMT1178,1,0,0.0
PMT1179,1,0,0.0
PMT1180,1,0,0.0
PMT1181,1,0,0.0
PMT1182,1,0,0.0
PMT1183,1,0,0.0
PMT1184,1,0,0.0
PMT1185,1,0,0.0
PMT1186,1,0,0.0
PMT1187,1,0,0.0
PMT1188,1,0,0.0
PMT1189,1,0,0.0
PMT1190,1,0,0.0
PMT1191,1,0,0.0
PMT1192,1,0,0.0
PMT1193,1,0,0.0
PMT1194,1,0,0.0
PMT1195,1,0,0.0
PMT1196,1,0,0.0
PMT1197,1,0,0.0
PMT1198,1,0,0.0
PMT1200,1,0,0.0
PMT1201,1,0,0.0
PMT1202,1,0,0.0
PMT1203,1,0,0.0
PMT1204,1,0,0.0
PMT1205,1,0,0.0
PMT1206,1,0,0.0
PMT1207,1,0,0.0
PMT1208,1,0,0.0
PMT1209,1,1,100.0
PMT1211,1,0,0.0
PMT1212,1,0,0.0
PMT1213,1,0,0.0
PMT1214,1,0,0.0
PMT1215,1,0,0.0
PMT1216,1,0,0.0
PMT1217,1,0,0.0
PMT1218,1,0,0.0
PMT1219,1,0,0.0
PMT1220,1,0,0.0
PMT1221,1,0,0.0
PMT1223,1,0,0.0
PMT1224,1,0,0.0
PMT1225,1,0,0.0
PMT1226,1,0,0.0
PMT1227,1,0,0.0
PMT1228,1,0,0.0
PMT1229,1,0,0.0
PMT1230,1,0,0.0
PMT1231,1,0,0.0
PMT1232,1,0,0.0
PMT1233,1,0,0.0
PMT1234,1,0,0.0
PMT1235,1,0,0.0
PMT1236,1,0,0.0
PMT1237,1,0,0.0
PMT1238,1,0,0.0
PMT1239,1,0,0.0
PMT1240,1,0,0.0
PMT1241,1,0,0.0
PMT1242,1,0,0.0
PMT1243,1,0,0.0
PMT1244,1,0,0.0
PMT1245,1,0,0.0
PMT1246,1,0,0.0
PMT1247,1,0,0.0
PMT1248,1,0,0.0
PMT1249,1,0,0.0
PMT1250,1,0,0.0
PMT1251,1,0,0.0
PMT1252,1,0,0.0
PMT1253,1,0,0.0
PMT1254,1,0,0.0
PMT1255,1,0,0.0
PMT1256,1,0,0.0
PMT1257,1,0,0.0
PMT1258,1,0,0.0
PMT1259,1,0,0.0
PMT1260,1,0,0.0
PMT1261,1,0,0.0
PMT1262,1,0,0.0
PMT1263,1,0,0.0
PMT1264,1,0,0.0
PMT1265,1,0,0.0
PMT1266,1,0,0.0
PMT1267,1,0,0.0
PMT1268,1,0,0.0
PMT1269,1,0,0.0
PMT1270,1,0,0.0
PMT1271,1,0,0.0
PMT1272,1,0,0.0
PMT1273,1,0,0.0
PMT1274,1,0,0.0
PMT1275,1,0,0.0
PMT1276,1,0,0.0
PMT1277,1,0,0.0
PMT1279,1,0,0.0
PMT1280,1,0,0.0
PMT1281,1,0,0.0
PMT1282,1,0,0.0
PMT1283,1,0,0.0
PMT1284,1,0,0.0
PMT1286,1,0,0.0
PMT1287,1,0,0.0
PMT1288,1,0,0.0
PMT1289,1,0,0.0
PMT1290,1,0,0.0
PMT1291,1,0,0.0
PMT1292,1,0,0.0
PMT1293,1,0,0.0
PMT1294,1,0,0.0
PMT1295,1,0,0.0
PMT1296,1,0,0.0
PMT1297,1,0,0.0
PMT1298,1,0,0.0
PMT1299,1,0,0.0
PMT1300,1,0,0.0
PMT1301,1,0,0.0
PMT1302,1,0,0.0
PMT1303,1,0,0.0
PMT1304,1,0,0.0
PMT1305,1,0,0.0
PMT1306,1,0,0.0
PMT1307,1,0,0.0
PMT1308,1,0,0.0
PMT1309,1,0,0.0
PMT1310,1,0,0.0
PMT1311,1,0,0.0
PMT1312,1,0,0.0
PMT1313,1,0,0.0
PMT1314,1,1,100.0
PMT1315,1,0,0.0
PMT1316,1,0,0.0
PMT1318,1,0,0.0
PMT1319,1,0,0.0
PMT1320,1,0,0.0
PMT1321,1,0,0.0
PMT1322,1,0,0.0
PMT1323,1,0,0.0
PMT1324,1,0,0.0
PMT1325,1,0,0.0
PMT1326,1,0,0.0
PMT1327,1,0,0.0
PMT1328,1,0,0.0
PMT1329,1,0,0.0
PMT1330,1,0,0.0
PMT1331,1,0,0.0
PMT1332,1,0,0.0
PMT1333,1,0,0.0
PMT1334,1,0,0.0
PMT1335,1,0,0.0
PMT1336,1,0,0.0
PMT1337,1,0,0.0
PMT1338,1,0,0.0
PMT1339,1,0,0.0
PMT1340,1,0,0.0
PMT1341,1,0,0.0
PMT1342,1,0,0.0
PMT1343,1,0,0.0
PMT1344,1,0,0.0
PMT1345,1,0,0.0
PMT1346,1,0,0.0
PMT1347,1,0,0.0
PMT1348,1,0,0.0
PMT1349,1,0,0.0
PMT1350,1,0,0.0
PMT1351,1,0,0.0
PMT1352,1,0,0.0
PMT1353,1,0,0.0
PMT1354,1,0,0.0
PMT1355,1,0,0.0
PMT1356,1,0,0.0
PMT1357,1,0,0.0
PMT1358,1,0,0.0
PMT1359,1,0,0.0
PMT1360,1,0,0.0
PMT1361,1,0,0.0
PMT1362,1,0,0.0
PMT1363,1,0,0.0
PMT1364,1,0,0.0
PMT1365,1,0,0.0
PMT1366,1,0,0.0
PMT1367,1,0,0.0
PMT1369,1,0,0.0
PMT1370,1,0,0.0
PMT1371,1,0,0.0
PMT1372,1,0,0.0
PMT1373,1,0,0.0
PMT1374,1,0,0.0
PMT1375,1,0,0.0
PMT1376,1,0,0.0
PMT1377,1,0,0.0
PMT1378,1,0,0.0
PMT1379,1,0,0.0
PMT1380,1,0,0.0
PMT1381,1,0,0.0
PMT1382,1,0,0.0
PMT1383,1,0,0.0
PMT1384,1,0,0.0
PMT1385,1,0,0.0
PMT1386,1,0,0.0
PMT1387,1,0,0.0
PMT1388,1,0,0.0
PMT1389,1,0,0.0
PMT1390,1,0,0.0
PMT1391,1,0,0.0
PMT1392,1,0,0.0
PMT1393,1,0,0.0
PMT1394,1,0,0.0
PMT1395,1,0,0.0
PMT1396,1,0,0.0
PMT1397,1,0,0.0
PMT1398,1,0,0.0
PMT1399,1,0,0.0
PMT1400,1,0,0.0
PMT1401,1,0,0.0
PMT1402,1,0,0.0
PMT1403,1,0,0.0
PMT1404,1,0,0.0
PMT1405,1,0,0.0
PMT1406,1,0,0.0
PMT1407,1,0,0.0
PMT1408,1,0,0.0
PMT1409,1,0,0.0
PMT1410,1,0,0.0
PMT1411,1,0,0.0
PMT1412,1,0,0.0
PMT1413,1,0,0.0
PMT1414,1,0,0.0
PMT1415,1,0,0.0
PMT1416,1,0,0.0
PMT1417,1,0,0.0
PMT1418,1,0,0.0
PMT1419,1,0,0.0
PMT1420,1,0,0.0
PMT1421,1,0,0.0
PMT1422,1,0,0.0
PMT1423,1,0,0.0
PMT1424,1,0,0.0
PMT1425,1,0,0.0
PMT1426,1,0,0.0
PMT1427,1,0,0.0
PMT1428,1,0,0.0
PMT1429,1,0,0.0
PMT1430,1,0,0.0
PMT1431,1,0,0.0
PMT1432,1,0,0.0
PMT1433,1,0,0.0
PMT1434,1,0,0.0
PMT1435,1,0,0.0
PMT1436,1,0,0.0
PMT1437,1,0,0.0
PMT1438,1,0,0.0
PMT1439,1,0,0.0
PMT1440,1,0,0.0
PMT1441,1,0,0.0
PMT1442,1,0,0.0
PMT1443,1,0,0.0
PMT1444,1,0,0.0
PMT1445,1,0,0.0
PMT1446,1,0,0.0
PMT1447,1,0,0.0
PMT1448,1,0,0.0
PMT1449,1,0,0.0
PMT1450,1,0,0.0
PMT1451,1,0,0.0
PMT1452,1,0,0.0
PMT1453,1,0,0.0
PMT1454,1,0,0.0
PMT1455,1,0,0.0
PMT1456,1,0,0.0
PMT1457,1,0,0.0
PMT1458,1,0,0.0
PMT1459,1,0,0.0
PMT1460,1,0,0.0
PMT1461,1,0,0.0
PMT1462,1,0,0.0
PMT1463,1,0,0.0
PMT1464,1,0,0.0
PMT1465,1,0,0.0
PMT1466,1,0,0.0
PMT1467,1,0,0.0
PMT1468,1,0,0.0
PMT1469,1,0,0.0
PMT1470,1,0,0.0
PMT1471,1,0,0.0
PMT1472,1,0,0.0
PMT1474,1,0,0.0
PMT1475,1,0,0.0
PMT1476,1,0,0.0
PMT1477,1,0,0.0
PMT1478,1,0,0.0
PMT1480,1,0,0.0
PMT1482,1,0,0.0
PMT1483,1,0,0.0
PMT1484,1,0,0.0
PMT1485,1,0,0.0
PMT1486,1,0,0.0
PMT1487,1,0,0.0
PMT1488,1,0,0.0
PMT1489,1,0,0.0
PMT1490,1,0,0.0
PMT1491,1,0,0.0
PMT1492,1,0,0.0
PMT1493,1,0,0.0
PMT1494,1,0,0.0
PMT1495,1,0,0.0
PMT1496,1,0,0.0
PMT1497,1,0,0.0
PMT1498,1,0,0.0
PMT1499,1,0,0.0
PMT1500,1,0,0.0
PMT1501,1,0,0.0
PMT1502,1,0,0.0
PMT1503,1,0,0.0
PMT1504,1,0,0.0
PMT1505,1,0,0.0
PMT1506,1,0,0.0
PMT1507,1,0,0.0
PMT1508,1,0,0.0
PMT1509,1,0,0.0
PMT1510,1,0,0.0
PMT1511,1,0,0.0
PMT1512,1,0,0.0
PMT1513,1,0,0.0
PMT1514,1,0,0.0
PMT1515,1,0,0.0
PMT1516,1,0,0.0
PMT1517,1,0,0.0
PMT1518,1,0,0.0
PMT1519,1,0,0.0
PMT1520,1,0,0.0
PMT1521,1,0,0.0
PMT1522,1,0,0.0
PMT1523,1,0,0.0
PMT1524,1,0,0.0
PMT1525,1,0,0.0
PMT1526,1,0,0.0
PMT1527,1,0,0.0
PMT1528,1,0,0.0
PMT1529,1,0,0.0
PMT1530,1,0,0.0
PMT1531,1,0,0.0
PMT1532,1,0,0.0
PMT1533,1,0,0.0
PMT1534,1,0,0.0
PMT1535,1,0,0.0
PMT1536,1,0,0.0
PMT1537,1,0,0.0
PMT1538,1,0,0.0
PMT1539,1,0,0.0
PMT1540,1,0,0.0
PMT1541,1,0,0.0
PMT1542,1,0,0.0
PMT1543,1,0,0.0
PMT1544,1,0,0.0
PMT1545,1,0,0.0
PMT1546,1,0,0.0
PMT1547,1,0,0.0
PMT1548,1,0,0.0
PMT1549,1,0,0.0
PMT1550,1,0,0.0
PMT1551,1,0,0.0
PMT1552,1,0,0.0
PMT1553,1,0,0.0
PMT1554,1,0,0.0
PMT1555,1,0,0.0
PMT1556,1,0,0.0
PMT1557,1,0,0.0
PMT1558,1,0,0.0
PMT1559,1,0,0.0
PMT1560,1,0,0.0
PMT1561,1,0,0.0
PMT1562,1,0,0.0
PMT1563,1,0,0.0
PMT1564,1,0,0.0
PMT1565,1,0,0.0
PMT1566,1,0,0.0
PMT1567,1,0,0.0
PMT1568,1,0,0.0
PMT1569,1,0,0.0
PMT1570,1,0,0.0
PMT1571,1,0,0.0
PMT1572,1,0,0.0
PMT1573,1,0,0.0
PMT1574,1,0,0.0
PMT1575,1,0,0.0
PMT1576,1,0,0.0
PMT1577,1,0,0.0
PMT1578,1,0,0.0
PMT1579,1,0,0.0
PMT1580,1,0,0.0
PMT1581,1,0,0.0
PMT1583,1,0,0.0
PMT1584,1,0,0.0
PMT1585,1,0,0.0
PMT1586,1,0,0.0
PMT1587,1,0,0.0
PMT1588,1,0,0.0
PMT1589,1,0,0.0
PMT1590,1,0,0.0
PMT1591,1,0,0.0
PMT1592,1,0,0.0
PMT1593,1,0,0.0
PMT1594,1,0,0.0
PMT1595,1,0,0.0
PMT1596,1,0,0.0
PMT1597,1,0,0.0
PMT1598,1,0,0.0
PMT1599,1,0,0.0
PMT1600,1,0,0.0
PMT1601,1,0,0.0
PMT1602,1,0,0.0
PMT1603,1,0,0.0
PMT1604,1,0,0.0
PMT1605,1,0,0.0
PMT1606,1,0,0.0
PMT1607,1,0,0.0
PMT1608,1,1,100.0
PMT1609,1,0,0.0
PMT1610,1,0,0.0
PMT1611,1,0,0.0
PMT1612,1,0,0.0
PMT1613,1,0,0.0
PMT1614,1,0,0.0
PMT1615,1,0,0.0
PMT1616,1,0,0.0
PMT1617,1,0,0.0
PMT1618,1,0,0.0
PMT1619,1,0,0.0
PMT1620,1,0,0.0
PMT1621,1,0,0.0
PMT1622,1,0,0.0
PMT1623,1,0,0.0
PMT1624,1,0,0.0
PMT1625,1,0,0.0
PMT1626,1,0,0.0
PMT1627,1,0,0.0
PMT1628,1,0,0.0
PMT1629,1,0,0.0
PMT1630,1,0,0.0
PMT1631,1,0,0.0
PMT1632,1,0,0.0
PMT1633,1,0,0.0
PMT1634,1,0,0.0
PMT1635,1,0,0.0
PMT1636,1,0,0.0
PMT1637,1,0,0.0
PMT1638,1,0,0.0
PMT1639,1,0,0.0
PMT1641,1,0,0.0
PMT1642,1,0,0.0
PMT1643,1,0,0.0
PMT1644,1,0,0.0
PMT1645,1,0,0.0
PMT1646,1,0,0.0
PMT1647,1,0,0.0
PMT1648,1,0,0.0
PMT1649,1,0,0.0
PMT1650,1,0,0.0
PMT1651,1,0,0.0
PMT1652,1,0,0.0
PMT1653,1,0,0.0
PMT1654,1,0,0.0
PMT1657,1,0,0.0
PMT1658,1,0,0.0
PMT1659,1,0,0.0
PMT1660,1,0,0.0
PMT1661,1,0,0.0
PMT1662,1,0,0.0
PMT1664,1,0,0.0
PMT1665,1,0,0.0
PMT1666,1,0,0.0
PMT1667,1,0,0.0
PMT1668,1,0,0.0
PMT1669,1,0,0.0
PMT1670,1,0,0.0
PMT1671,1,0,0.0
PMT1672,1,0,0.0
PMT1673,1,0,0.0
PMT1674,1,0,0.0
PMT1675,1,0,0.0
PMT1677,1,0,0.0
PMT1678,1,0,0.0
PMT1679,1,0,0.0
PMT1680,1,0,0.0
PMT1681,1,0,0.0
PMT1682,1,0,0.0
PMT1683,1,0,0.0
PMT1684,1,0,0.0
PMT1685,1,0,0.0
PMT1686,1,0,0.0
PMT1687,1,0,0.0
PMT1688,1,0,0.0
PMT1689,1,0,0.0
PMT1690,1,0,0.0
PMT1691,1,0,0.0
PMT1692,1,0,0.0
PMT1694,1,0,0.0
PMT1695,1,0,0.0
PMT1696,1,0,0.0
PMT1697,1,0,0.0
PMT1698,1,0,0.0
PMT1700,1,0,0.0
PMT1701,1,0,0.0
PMT1702,1,0,0.0
PMT1703,1,0,0.0
PMT1704,1,0,0.0
PMT1705,1,0,0.0
PMT1706,1,0,0.0
PMT1707,1,0,0.0
PMT1708,1,0,0.0
PMT1709,1,0,0.0
PMT1710,1,0,0.0
PMT1711,1,0,0.0
PMT1712,1,0,0.0
PMT1713,1,0,0.0
PMT1714,1,0,0.0
PMT1715,1,0,0.0
PMT1716,1,0,0.0
PMT1717,1,0,0.0
PMT1718,1,0,0.0
PMT1719,1,0,0.0
PMT1720,1,0,0.0
PMT1721,1,0,0.0
PMT1722,1,0,0.0
PMT1723,1,0,0.0
PMT1724,1,0,0.0
PMT1725,1,0,0.0
PMT1726,1,0,0.0
PMT1727,1,0,0.0
PMT1728,1,0,0.0
PMT1729,1,0,0.0
PMT1730,1,0,0.0
PMT1731,1,0,0.0
PMT1732,1,0,0.0
PMT1733,1,0,0.0
PMT1734,1,0,0.0
PMT1735,1,0,0.0
PMT1737,1,0,0.0
PMT1738,1,0,0.0
PMT1739,1,0,0.0
PMT1740,1,0,0.0
PMT1741,1,0,0.0
PMT1742,1,0,0.0
PMT1743,1,0,0.0
PMT1744,1,0,0.0
PMT1745,1,0,0.0
PMT1746,1,0,0.0
PMT1747,1,0,0.0
PMT1748,1,0,0.0
PMT1749,1,0,0.0
PMT1750,1,0,0.0
PMT1751,1,0,0.0
PMT1753,1,0,0.0
PMT1754,1,0,0.0
PMT1755,1,0,0.0
PMT1756,1,0,0.0
PMT1757,1,0,0.0
PMT1758,1,0,0.0
PMT1759,1,0,0.0
PMT1760,1,0,0.0
PMT1761,1,0,0.0
PMT1762,1,0,0.0
PMT1763,1,0,0.0
PMT1764,1,0,0.0
PMT1765,1,0,0.0
PMT1766,1,0,0.0
PMT1767,1,0,0.0
PMT1768,1,0,0.0
PMT1769,1,0,0.0
PMT1770,1,0,0.0
PMT1771,1,0,0.0
PMT1772,1,0,0.0
PMT1773,1,0,0.0
PMT1774,1,0,0.0
PMT1775,1,0,0.0
PMT1776,1,0,0.0
PMT1778,1,0,0.0
PMT1779,1,0,0.0
PMT1780,1,0,0.0
PMT1781,1,0,0.0
PMT1782,1,0,0.0
PMT1783,1,0,0.0
PMT1784,1,0,0.0
PMT1785,1,0,0.0
PMT1786,1,0,0.0
PMT1787,1,0,0.0
PMT1788,1,0,0.0
PMT1789,1,0,0.0
PMT1790,1,0,0.0
PMT1791,1,0,0.0
PMT1792,1,0,0.0
PMT1793,1,0,0.0
PMT1794,1,0,0.0
PMT1795,1,0,0.0
PMT1797,1,0,0.0
PMT1798,1,0,0.0
PMT1799,1,0,0.0
PMT1800,1,0,0.0
PMT1801,1,0,0.0
PMT1802,1,0,0.0
PMT1803,1,0,0.0
PMT1804,1,0,0.0
PMT1805,1,0,0.0
PMT1806,1,0,0.0
PMT1807,1,0,0.0
PMT1808,1,0,0.0
PMT1809,1,0,0.0
PMT1810,1,0,0.0
PMT1812,1,0,0.0
PMT1813,1,0,0.0
PMT1814,1,0,0.0
PMT1815,1,0,0.0
PMT1816,1,0,0.0
PMT1817,1,0,0.0
PMT1818,1,0,0.0
PMT1819,1,0,0.0
PMT1820,1,0,0.0
PMT1821,1,0,0.0
PMT1822,1,0,0.0
PMT1823,1,0,0.0
PMT1824,1,0,0.0
PMT1825,1,0,0.0
PMT1826,1,0,0.0
PMT1827,1,0,0.0
PMT1828,1,0,0.0
PMT1829,1,0,0.0
PMT1830,1,0,0.0
PMT1832,1,0,0.0
PMT1833,1,0,0.0
PMT1834,1,0,0.0
PMT1835,1,0,0.0
PMT1836,1,0,0.0
PMT1837,1,0,0.0
PMT1838,1,0,0.0
PMT1839,1,0,0.0
PMT1841,1,0,0.0
PMT1842,1,0,0.0
PMT1843,1,0,0.0
PMT1844,1,0,0.0
PMT1845,1,0,0.0
PMT1846,1,0,0.0
PMT1847,1,0,0.0
PMT1849,1,0,0.0
PMT1850,1,0,0.0
PMT1851,1,0,0.0
PMT1852,1,0,0.0
PMT1854,1,0,0.0
PMT1855,1,0,0.0
PMT1856,1,0,0.0
PMT1857,1,0,0.0
PMT1858,1,0,0.0
PMT1859,1,0,0.0
PMT1860,1,0,0.0
PMT1861,1,0,0.0
PMT1862,1,0,0.0
PMT1863,1,0,0.0
PMT1864,1,0,0.0
PMT1865,1,0,0.0
PMT1866,1,0,0.0
PMT1867,1,0,0.0
PMT1868,1,0,0.0
PMT1869,1,0,0.0
PMT1870,1,0,0.0
PMT1871,1,0,0.0
PMT1872,1,0,0.0
PMT1873,1,0,0.0
PMT1874,1,0,0.0
PMT1875,1,0,0.0
PMT1876,1,0,0.0
PMT1879,1,0,0.0
PMT1880,1,0,0.0
PMT1881,1,0,0.0
PMT1882,1,0,0.0
PMT1883,1,0,0.0
PMT1884,1,0,0.0
PMT1885,1,0,0.0
PMT1886,1,0,0.0
PMT1887,1,0,0.0
PMT1888,1,0,0.0
PMT1889,1,0,0.0
PMT1890,1,0,0.0
PMT1891,1,0,0.0
PMT1892,1,0,0.0
PMT1893,1,0,0.0
PMT1894,1,0,0.0
PMT1895,1,0,0.0
PMT1896,1,0,0.0
PMT1900,1,0,0.0
PMT1901,1,0,0.0
PMT1902,1,0,0.0
PMT1903,1,0,0.0
PMT1904,1,0,0.0
PMT1905,1,0,0.0
PMT1906,1,0,0.0
PMT1907,1,0,0.0
PMT1908,1,0,0.0
PMT1909,1,0,0.0
PMT1910,1,0,0.0
PMT1911,1,0,0.0
PMT1912,1,0,0.0
PMT1914,1,0,0.0
PMT1915,1,0,0.0
PMT1917,1,0,0.0
PMT1918,1,0,0.0
PMT1919,1,0,0.0
PMT1920,1,0,0.0
PMT1921,1,0,0.0
PMT1922,1,0,0.0
PMT1923,1,0,0.0
PMT1924,1,0,0.0
PMT1925,1,0,0.0
PMT1926,1,0,0.0
PMT1927,1,0,0.0
PMT1928,1,0,0.0
PMT1929,1,0,0.0
PMT1930,1,0,0.0
PMT1932,1,0,0.0
PMT1933,1,0,0.0
PMT1934,1,0,0.0
PMT1935,1,0,0.0
PMT1936,1,0,0.0
PMT1938,1,0,0.0
PMT1939,1,0,0.0
PMT1940,1,0,0.0
PMT1941,1,0,0.0
PMT1942,1,0,0.0
PMT1943,1,0,0.0
PMT1944,1,0,0.0
PMT1945,1,0,0.0
PMT1946,1,0,0.0
PMT1947,1,0,0.0
PMT1948,1,0,0.0
PMT1949,1,0,0.0
PMT1950,1,0,0.0
PMT1951,1,0,0.0
PMT1952,1,0,0.0
PMT1953,1,0,0.0
PMT1954,1,0,0.0
PMT1955,1,0,0.0
PMT1956,1,0,0.0
PMT1957,1,0,0.0
PMT1958,1,0,0.0
PMT1959,1,0,0.0
PMT1960,1,0,0.0
PMT1961,1,0,0.0
PMT1962,1,0,0.0
PMT1963,1,0,0.0
PMT1964,1,0,0.0
PMT1965,1,0,0.0
PMT1966,1,0,0.0
PMT1967,1,0,0.0
PMT1968,1,0,0.0
PMT1969,1,0,0.0
PMT1970,1,0,0.0
PMT1971,1,0,0.0
PMT1972,1,0,0.0
PMT1973,1,0,0.0
PMT1974,1,0,0.0
PMT1975,1,0,0.0
PMT1976,1,0,0.0
PMT1977,1,0,0.0
PMT1978,1,0,0.0
PMT1979,1,0,0.0
PMT1980,1,0,0.0
PMT1981,1,0,0.0
PMT1982,1,0,0.0
PMT1983,1,0,0.0
PMT1984,1,0,0.0
PMT1985,1,0,0.0
PMT1986,1,0,0.0
PMT1987,1,0,0.0
PMT1988,1,0,0.0
PMT1989,1,0,0.0
PMT1990,1,0,0.0
PMT1991,1,0,0.0
PMT1992,1,0,0.0
PMT1993,1,0,0.0
PMT1994,1,0,0.0
PMT1995,1,0,0.0
PMT1996,1,0,0.0
PMT1997,1,0,0.0
PMT1998,1,0,0.0
PMT1999,1,0,0.0
PMT2000,1,0,0.0
PMT2001,1,0,0.0
PMT2002,1,0,0.0
PMT2003,1,0,0.0
PMT2004,1,0,0.0
PMT2005,1,0,0.0
PMT2006,1,0,0.0
PMT2007,1,0,0.0
PMT2008,1,0,0.0
PMT2009,1,0,0.0
PMT2010,1,0,0.0
PMT2011,1,0,0.0
PMT2012,1,0,0.0
PMT2013,1,0,0.0
PMT2014,1,1,100.0
PMT2015,1,0,0.0
PMT2016,1,0,0.0
PMT2017,1,0,0.0
PMT2018,1,0,0.0
PMT2019,1,0,0.0
PMT2020,1,0,0.0
PMT2021,1,0,0.0
PMT2023,1,0,0.0
PMT2024,1,0,0.0
PMT2025,1,0,0.0
PMT2026,1,0,0.0
PMT2027,1,0,0.0
PMT2028,1,0,0.0
PMT2029,1,0,0.0
PMT2030,1,0,0.0
PMT2031,1,0,0.0
PMT2032,1,0,0.0
PMT2033,1,0,0.0
PMT2034,1,0,0.0
PMT2035,1,0,0.0
PMT2036,1,0,0.0
PMT2037,1,0,0.0
PMT2038,1,0,0.0
PMT2039,1,0,0.0
PMT2040,1,0,0.0
PMT2041,1,0,0.0
PMT2042,1,0,0.0
PMT2043,1,0,0.0
PMT2044,1,0,0.0
PMT2045,1,0,0.0
PMT2046,1,0,0.0
PMT2047,1,0,0.0
PMT2048,1,0,0.0
PMT2049,1,0,0.0
PMT2052,1,0,0.0
PMT2053,1,0,0.0
PMT2054,1,0,0.0
PMT2055,1,0,0.0
PMT2056,1,0,0.0
PMT2057,1,0,0.0
PMT2058,1,0,0.0
PMT2059,1,0,0.0
PMT2060,1,0,0.0
PMT2061,1,0,0.0
PMT2063,1,0,0.0
PMT2064,1,0,0.0
PMT2065,1,0,0.0
PMT2066,1,0,0.0
PMT2067,1,0,0.0
PMT2068,1,0,0.0
PMT2069,1,0,0.0
PMT2070,1,0,0.0
PMT2071,1,0,0.0
PMT2073,1,0,0.0
PMT2074,1,0,0.0
PMT2075,1,0,0.0
PMT2076,1,0,0.0
PMT2077,1,0,0.0
PMT2078,1,0,0.0
PMT2080,1,0,0.0
PMT2081,1,0,0.0
PMT2082,1,0,0.0
PMT2083,1,0,0.0
PMT2084,1,0,0.0
PMT2085,1,0,0.0
PMT2086,1,0,0.0
PMT2087,1,0,0.0
PMT2088,1,0,0.0
PMT2089,1,0,0.0
PMT2090,1,0,0.0
PMT2091,1,0,0.0
PMT2092,1,0,0.0
PMT2093,1,0,0.0
PMT2094,1,0,0.0
PMT2095,1,0,0.0
PMT2096,1,0,0.0
PMT2097,1,0,0.0
PMT2098,1,0,0.0
PMT2099,1,0,0.0
PMT2100,1,0,0.0
PMT2101,1,0,0.0
PMT2102,1,0,0.0
PMT2103,1,0,0.0
PMT2104,1,0,0.0
PMT2105,1,0,0.0
PMT2106,1,0,0.0
PMT2107,1,0,0.0
PMT2108,1,0,0.0
PMT2109,1,0,0.0
PMT2110,1,0,0.0
PMT2111,1,0,0.0
PMT2112,1,0,0.0
PMT2113,1,0,0.0
PMT2114,1,0,0.0
PMT2115,1,0,0.0
PMT2116,1,0,0.0
PMT2117,1,0,0.0
PMT2118,1,0,0.0
PMT2121,1,0,0.0
PMT2123,1,0,0.0
PMT2124,1,0,0.0
PMT2125,1,0,0.0
PMT2126,1,0,0.0
PMT2127,1,0,0.0
PMT2128,1,0,0.0
PMT2130,1,0,0.0
PMT2131,1,0,0.0
PMT2132,1,0,0.0
PMT2133,1,0,0.0
PMT2135,1,0,0.0
PMT2136,1,0,0.0
PMT2137,1,0,0.0
PMT2138,1,0,0.0
PMT2139,1,0,0.0
PMT2141,1,0,0.0
PMT2142,1,0,0.0
PMT2143,1,0,0.0
PMT2144,1,0,0.0
PMT2145,1,0,0.0
PMT2146,1,0,0.0
PMT2148,1,0,0.0
PMT2149,1,0,0.0
PMT2150,1,0,0.0
PMT2151,1,0,0.0
PMT2152,1,0,0.0
PMT2153,1,0,0.0
PMT2154,1,0,0.0
PMT2157,1,0,0.0
PMT2158,1,0,0.0
PMT2159,1,0,0.0
PMT2160,1,0,0.0
PMT2161,1,0,0.0
PMT2162,1,0,0.0
PMT2163,1,0,0.0
PMT2164,1,0,0.0
PMT2165,1,0,0.0
PMT2167,1,0,0.0
PMT2168,1,0,0.0
PMT2169,1,0,0.0
PMT2170,1,0,0.0
PMT2171,1,0,0.0
PMT2172,1,0,0.0
PMT2173,1,0,0.0
PMT2174,1,1,100.0
PMT2175,1,0,0.0
PMT2176,1,0,0.0
PMT2177,1,0,0.0
PMT2178,1,0,0.0
PMT2179,1,0,0.0
PMT2180,1,1,100.0
PMT2181,1,0,0.0
PMT2182,1,0,0.0
PMT2183,1,0,0.0
PMT2184,1,0,0.0
PMT2185,1,0,0.0
PMT2186,1,0,0.0
PMT2187,1,0,0.0
PMT2188,1,0,0.0
PMT2189,1,0,0.0
PMT2190,1,0,0.0
PMT2191,1,0,0.0
PMT2192,1,0,0.0
PMT2193,1,0,0.0
PMT2194,1,0,0.0
PMT2195,1,0,0.0
PMT2196,1,0,0.0
PMT2197,1,0,0.0
PMT2198,1,0,0.0
PMT2199,1,0,0.0
PMT2201,1,0,0.0
PMT2202,1,0,0.0
PMT2203,1,0,0.0
PMT2204,1,0,0.0
PMT2205,1,0,0.0
PMT2206,1,0,0.0
PMT2207,1,0,0.0
PMT2208,1,0,0.0
PMT2209,1,0,0.0
PMT2210,1,0,0.0
PMT2211,1,0,0.0
PMT2212,1,0,0.0
PMT2213,1,0,0.0
PMT2214,1,0,0.0
PMT2215,1,0,0.0
PMT2216,1,0,0.0
PMT2217,1,0,0.0
PMT2218,1,0,0.0
PMT2219,1,0,0.0
PMT2220,1,0,0.0
PMT2221,1,0,0.0
PMT2222,1,0,0.0
PMT2223,1,0,0.0
PMT2224,1,0,0.0
PMT2237,1,0,0.0
PMT2238,1,0,0.0
PMT2241,1,1,100.0
PMT2242,1,0,0.0
PMT2243,1,0,0.0
PMT2244,1,0,0.0
PMT2245,1,0,0.0
PMT2246,1,0,0.0
PMT2247,1,0,0.0
PMT2248,1,0,0.0
PMT2249,1,0,0.0
PMT2250,1,0,0.0
PMT2251,1,0,0.0
PMT2252,1,0,0.0
PMT2253,1,0,0.0
PMT2254,1,0,0.0
PMT2255,1,0,0.0
PMT2256,1,0,0.0
PMT2257,1,0,0.0
PMT2258,1,0,0.0
PMT2259,1,0,0.0
PMT2260,1,0,0.0
PMT2261,1,0,0.0
PMT2262,1,0,0.0
PMT2263,1,0,0.0
PMT2264,1,0,0.0
PMT2265,1,0,0.0
PMT2266,1,0,0.0
PMT2267,1,0,0.0
PMT2268,1,0,0.0
PMT2269,1,0,0.0
PMT2270,1,0,0.0
PMT2271,1,0,0.0
PMT2272,1,0,0.0
PMT2273,1,0,0.0
PMT2274,1,0,0.0
PMT_0072,1,0,0.0
PMT_0084,1,0,0.0
PMT_0089,1,0,0.0
PMT_0092,1,0,0.0
PMT_0093,1,0,0.0
PMT_0094,1,0,0.0
PMT_0097,1,0,0.0
PMT_0101,1,0,0.0
PMT_0104,1,0,0.0
PMT_0107,1,0,0.0
PMT_0116,1,0,0.0
PMT_0153,1,0,0.0
PMT_0161,1,0,0.0
PMT_0166,1,0,0.0
PMT_0240,1,0,0.0
PMT_0241,1,0,0.0
PMT_0242,1,0,0.0
PMT_0245,1,0,0.0
PMT_0247,1,0,0.0
PMT_0260,1,0,0.0
PMT_0289,1,0,0.0
PMT_0307,1,0,0.0
PMT_0318,1,0,0.0
PMT_0342,1,0,0.0
PMT_0356,1,0,0.0
PMT_0371,1,0,0.0
PMT_0488,1,0,0.0
PMT_0490,1,0,0.0
PMT_0491,1,0,0.0
PMT_0549,1,0,0.0
PMT_0586,1,0,0.0
PMT_0613,1,0,0.0
PMT_0718,1,0,0.0
PMT_0733,1,0,0.0
PMT_0739,1,0,0.0
PMT_0753,1,0,0.0
PMT_0757,1,0,0.0
PMT_0829,1,0,0.0
PMT_0831,1,0,0.0
PMT_0841,1,0,0.0
PMT_0842,1,0,0.0
PMT_0879,1,0,0.0
PMT_0885,1,0,0.0
PMT_0887,1,0,0.0
PMT_0913,1,0,0.0
PMT_0915,1,0,0.0
PMT_0922,1,0,0.0
PMT_0929,1,0,0.0
PMT_0933,1,0,0.0
PMT_0942,1,0,0.0
PMT_0961,1,0,0.0
PMT_0971,1,0,0.0
PMT_0976,1,0,0.0
PMT_0990,1,1,100.0
PMT_1022,1,0,0.0
PMT_1030,1,0,0.0
PMT_1041,1,0,0.0
PMT_1130,1,0,0.0
PMT_1154,1,1,100.0
PMT_1199,1,0,0.0
PMT_1278,1,0,0.0
PMT_1317,1,0,0.0
PMT_1368,1,0,0.0
PMT_1473,1,0,0.0
PMT_1479,1,0,0.0
PMT_1640,1,0,0.0
PMT_1655,1,0,0.0
PMT_1656,1,0,0.0
PMT_1663,1,0,0.0
PMT_1699,1,0,0.0
PMT_1736,1,0,0.0
PMT_1752,1,0,0.0
PMT_1811,1,0,0.0
PMT_1840,1,0,0.0
PMT_1848,1,0,0.0
PMT_1878,1,0,0.0
PMT_1897,1,0,0.0
PMT_1898,1,0,0.0
PMT_1899,1,0,0.0
PMT_1913,1,0,0.0
PMT_1916,1,0,0.0
PMT_1937,1,0,0.0
PMT_2022,1,0,0.0
PMT_2050,1,0,0.0
PMT_2051,1,0,0.0
PMT_2062,1,0,0.0
PMT_2079,1,0,0.0
PMT_2119,1,0,0.0
PMT_2120,1,0,0.0
PMT_2122,1,0,0.0
PMT_2129,1,0,0.0
PMT_2134,1,0,0.0
PMT_2147,1,0,0.0
PMT_2155,1,0,0.0
PMT_2156,1,0,0.0
PMT_2166,1,0,0.0
RG24_RS04505,1,0,0.0
RG24_RS04770,1,0,0.0
TX50_RS03815,1,0,0.0
TX50_RS09255,1,0,0.0
TX50_RS09260,2,1,50.0
TX50_RS09290,1,0,0.0
TX50_RS09405,1,0,0.0
TX50_RS09470,1,0,0.0
TX50_RS09500,1,1,100.0
TX50_RS09520,1,1,100.0
TX50_RS09710,1,0,0.0
TX50_RS09730,1,1,100.0
TX50_RS09860,1,1,100.0
